DROP DATABASE IF EXISTS social_vk;
CREATE DATABASE social_vk;
USE social_vk;

CREATE TABLE users(
	id BIGINT UNSIGNED AUTO_INCREMENT PRIMARY KEY, -- id SERIAL PRIMARY KEY,
	first_name VARCHAR(50) NOT NULL,
	last_name VARCHAR(50) NOT NULL,
	email VARCHAR(50) NOT NULL UNIQUE,
	password_hash VARCHAR(150),
	phone CHAR(11),
	created_at DATETIME NOT NULL DEFAULT CURRENT_TIMESTAMP,
	INDEX users_first_lastname_idx(first_name, last_name)
);

CREATE TABLE `profiles`(
	user_id BIGINT UNSIGNED NOT NULL PRIMARY KEY,
	gender CHAR(1),
	birthday DATE NOT NULL,
	photo_id BIGINT UNSIGNED,
	hometown VARCHAR(100),
CONSTRAINT fk_user_id
	FOREIGN KEY (user_id) REFERENCES users(id)
	ON UPDATE CASCADE ON DELETE CASCADE
);

CREATE TABLE messages(
	id SERIAL PRIMARY KEY,
	from_user_id BIGINT UNSIGNED NOT NULL,
	to_user_id BIGINT UNSIGNED NOT NULL,
	body TEXT,
	is_delivered BOOLEAN DEFAULT FALSE,
	created_at DATETIME DEFAULT NOW(),
	updated_at DATETIME DEFAULT CURRENT_TIMESTAMP ON UPDATE CURRENT_TIMESTAMP COMMENT 'ВРЕМЯ ОБНОВЛЕНИЯ СООБЩЕНИЯ',
	INDEX messages_from_user_id_idx (from_user_id),
	INDEX messages_to_user_id_idx (to_user_id),
	CONSTRAINT fk_messages_from_user_id FOREIGN KEY (from_user_id) REFERENCES users (id),
	CONSTRAINT fk_messages_to_user_id FOREIGN KEY (to_user_id) REFERENCES users (id)
	/*FOREIGN KEY (from_user_id) REFERENCES users(id),
	FOREIGN KEY (to_user_id) REFERENCES users(id)*/
);

CREATE TABLE friend_request(
	initiator_user_id BIGINT UNSIGNED NOT NULL,
	target_user_id BIGINT UNSIGNED NOT NULL,
	accepted BOOLEAN DEFAULT FALSE,
	requested_at DATETIME DEFAULT NOW(),
	updated_at DATETIME ON UPDATE NOW(),
	PRIMARY KEY(initiator_user_id, target_user_id),
	INDEX friend_requests_from_user_id_idx (initiator_user_id),
	INDEX friend_requests_to_user_id_idx (target_user_id),
	CONSTRAINT fk_friend_requests_from_user_id FOREIGN KEY (initiator_user_id) REFERENCES users (id),
	CONSTRAINT fk_friend_requests_to_user_id FOREIGN KEY (target_user_id) REFERENCES users (id),
       CONSTRAINT sender_not_reciever_check
CHECK (initiator_user_id != target_user_id)
);

CREATE TABLE communities(
	id SERIAL PRIMARY KEY,
	name VARCHAR(150) NOT NULL,
	description VARCHAR(255),
	admin_id BIGINT UNSIGNED NOT NULL,
	KEY (admin_id),
	INDEX communities_name_idx(name),
	FOREIGN KEY (admin_id) REFERENCES users(id)
);

CREATE TABLE communities_users(
	community_id BIGINT UNSIGNED NOT NULL,
	user_id BIGINT UNSIGNED NOT NULL,
	created_at DATETIME NOT NULL DEFAULT CURRENT_TIMESTAMP,
	PRIMARY KEY(community_id, user_id),
	KEY (community_id),
	KEY (user_id),
	FOREIGN KEY (community_id) REFERENCES communities (id),
	FOREIGN KEY (user_id) REFERENCES users(id)
);

CREATE TABLE media_types(
	id INT UNSIGNED NOT NULL AUTO_INCREMENT PRIMARY KEY,
	name VARCHAR(50) NOT NULL UNIQUE
);

CREATE TABLE media (
	id SERIAL PRIMARY KEY,
	user_id BIGINT UNSIGNED NOT NULL,
	media_types_id INT UNSIGNED NOT NULL,
	file_name VARCHAR(255) COMMENT '/files/folder/img.png',
	file_size BIGINT UNSIGNED,
	created_at DATETIME NOT NULL DEFAULT CURRENT_TIMESTAMP,
	KEY (media_types_id),
	KEY (user_id),
	FOREIGN KEY (media_types_id) REFERENCES media_types(id),
	FOREIGN KEY (user_id) REFERENCES users(id)
);

CREATE TABLE likes(
	user_id BIGINT UNSIGNED NOT NULL,
	media_id BIGINT UNSIGNED NOT NULL,
	like_type BOOLEAN DEFAULT TRUE,
	creted_at DATETIME DEFAULT NOW(),
	PRIMARY KEY (user_id, media_id),
	FOREIGN KEY (user_id) REFERENCES users(id) ON UPDATE CASCADE ON DELETE CASCADE,
    FOREIGN KEY (media_id) REFERENCES media(id) ON UPDATE CASCADE ON DELETE CASCADE
);

ALTER TABLE profiles 
ADD CONSTRAINT fk_profiles_media
FOREIGN KEY (photo_id) REFERENCES media (id);

/*
ALTER TABLE users
ADD CONSTRAINT phone_check
CHECK (REGEXP_LIKE(phone, '^[0-9]{11}$'));*/

INSERT INTO `media_types` (`id`, `name`) VALUES (4, 'consequatur');
INSERT INTO `media_types` (`id`, `name`) VALUES (1, 'quia');
INSERT INTO `media_types` (`id`, `name`) VALUES (2, 'rerum');
INSERT INTO `media_types` (`id`, `name`) VALUES (3, 'voluptas');

INSERT INTO `users` (`id`, `first_name`, `last_name`, `email`, `password_hash`, `phone`, `created_at`) VALUES ('1', 'Melyssa', 'Swaniawski', 'yryan@example.com', '706c7b4d0f3799a3aaa4fe3f92d8cecfc4132039', '1-827-927-2', '1998-03-30 13:28:24');
INSERT INTO `users` (`id`, `first_name`, `last_name`, `email`, `password_hash`, `phone`, `created_at`) VALUES ('2', 'Lew', 'Gutkowski', 'madilyn.waelchi@example.com', '95c820bf6b4c86d521fffd9a621480ec4e1e0ad9', '547-301-134', '1989-04-19 01:08:44');
INSERT INTO `users` (`id`, `first_name`, `last_name`, `email`, `password_hash`, `phone`, `created_at`) VALUES ('3', 'Jacques', 'Powlowski', 'maryse31@example.org', '159f95c273507901ebbd9dc8b6532969878f7f78', '164.010.278', '1980-06-25 19:12:37');
INSERT INTO `users` (`id`, `first_name`, `last_name`, `email`, `password_hash`, `phone`, `created_at`) VALUES ('4', 'Dolores', 'Schumm', 'howard65@example.com', 'f86881ae79ff203de5d4be8256d047bbf05d0349', '(042)330-01', '1985-03-31 21:20:20');
INSERT INTO `users` (`id`, `first_name`, `last_name`, `email`, `password_hash`, `phone`, `created_at`) VALUES ('5', 'Deven', 'Orn', 'zoila42@example.net', '2eb670891d63e5aca78911fff1bb1bca3e53793a', '698-060-305', '1999-10-21 21:13:14');
INSERT INTO `users` (`id`, `first_name`, `last_name`, `email`, `password_hash`, `phone`, `created_at`) VALUES ('6', 'Katharina', 'Pouros', 'yvonne22@example.com', 'a2babfad7d420fa27e6f260b8b33544d55700d4c', '271.589.595', '1995-09-21 13:08:20');
INSERT INTO `users` (`id`, `first_name`, `last_name`, `email`, `password_hash`, `phone`, `created_at`) VALUES ('7', 'Rahsaan', 'Vandervort', 'goyette.flavie@example.net', 'e66c7c9e5ebf0ce84872087e8823b53581a982e7', '1-040-867-8', '1994-05-10 12:51:24');
INSERT INTO `users` (`id`, `first_name`, `last_name`, `email`, `password_hash`, `phone`, `created_at`) VALUES ('8', 'Josefa', 'Steuber', 'pborer@example.org', 'b314fba964d5cfedb120bac542cc890e4db4000d', '04717118116', '2008-10-03 07:21:46');
INSERT INTO `users` (`id`, `first_name`, `last_name`, `email`, `password_hash`, `phone`, `created_at`) VALUES ('9', 'Tony', 'Feeney', 'qnicolas@example.org', '83f64e2410ba1f78981fd88ef40065feb1de11d5', '(814)474-55', '1997-08-14 22:30:05');
INSERT INTO `users` (`id`, `first_name`, `last_name`, `email`, `password_hash`, `phone`, `created_at`) VALUES ('10', 'Ulises', 'Jacobi', 'janice85@example.com', '98fa01b587fbce187099e2816d9f1a6f21c6771f', '423.870.955', '1986-07-14 14:37:18');
INSERT INTO `users` (`id`, `first_name`, `last_name`, `email`, `password_hash`, `phone`, `created_at`) VALUES ('11', 'Rudolph', 'Tillman', 'miller.tianna@example.net', '2cd9db0351f47663491c4623a0cf47aa5c9814f5', '000.045.940', '1996-09-01 23:34:12');
INSERT INTO `users` (`id`, `first_name`, `last_name`, `email`, `password_hash`, `phone`, `created_at`) VALUES ('12', 'Maureen', 'Volkman', 'mariane.sanford@example.com', '2b2cf959f05636e2d86e4c67f4a18b8792a549eb', '02531368985', '2003-12-25 00:51:05');
INSERT INTO `users` (`id`, `first_name`, `last_name`, `email`, `password_hash`, `phone`, `created_at`) VALUES ('13', 'Russell', 'O\'Conner', 'jarred.reilly@example.net', 'd69ae51bf0b39331134afd374f0144d9f7706938', '123-205-037', '1972-08-13 19:05:49');
INSERT INTO `users` (`id`, `first_name`, `last_name`, `email`, `password_hash`, `phone`, `created_at`) VALUES ('14', 'Turner', 'Cronin', 'soledad42@example.com', 'fb74af80065957ee35301b9f676d1c1ed785de30', '1-722-271-0', '2001-11-20 17:09:11');
INSERT INTO `users` (`id`, `first_name`, `last_name`, `email`, `password_hash`, `phone`, `created_at`) VALUES ('15', 'Rosalinda', 'Torp', 'carleton.schowalter@example.org', 'eef27422e48bb19da2c97418cdea684539bb71f7', '691.001.273', '1981-12-03 02:03:58');
INSERT INTO `users` (`id`, `first_name`, `last_name`, `email`, `password_hash`, `phone`, `created_at`) VALUES ('16', 'Giovanny', 'Rowe', 'osmith@example.com', 'c0c05a1bed73b57179d2fbc4ab6c8105d850e0f7', '708.910.096', '2006-09-11 23:38:05');
INSERT INTO `users` (`id`, `first_name`, `last_name`, `email`, `password_hash`, `phone`, `created_at`) VALUES ('17', 'Weston', 'Orn', 'carter.zelma@example.net', '0e91446197c8a811a02b32685ad6eed890ec6e27', '1-983-858-7', '2002-01-24 16:42:23');
INSERT INTO `users` (`id`, `first_name`, `last_name`, `email`, `password_hash`, `phone`, `created_at`) VALUES ('18', 'Tad', 'Marks', 'stephen22@example.org', 'b7b64e768b0c675b845fbd6c8d1507df649f3b8e', '(668)976-58', '1984-04-16 16:30:23');
INSERT INTO `users` (`id`, `first_name`, `last_name`, `email`, `password_hash`, `phone`, `created_at`) VALUES ('19', 'Electa', 'Considine', 'delfina.klein@example.net', '15166ce37fa085a1e25f4e3670fd2927f63b81d5', '1-865-415-8', '2020-11-14 03:20:44');
INSERT INTO `users` (`id`, `first_name`, `last_name`, `email`, `password_hash`, `phone`, `created_at`) VALUES ('20', 'Cornelius', 'McCullough', 'carol55@example.org', '1ce8b825a5ca6495d88a93f78d62833c1318f536', '(372)316-31', '2002-02-07 03:25:43');
INSERT INTO `users` (`id`, `first_name`, `last_name`, `email`, `password_hash`, `phone`, `created_at`) VALUES ('21', 'Julio', 'Dickens', 'kdoyle@example.org', '5b3623b16273b83d1d4d604ebb49af619282a021', '607-438-297', '2016-03-17 00:52:25');
INSERT INTO `users` (`id`, `first_name`, `last_name`, `email`, `password_hash`, `phone`, `created_at`) VALUES ('22', 'Emmie', 'Barrows', 'dayton.glover@example.com', 'a33a1672528d21f550bad1549a58b2b7e8f79db3', '979-082-423', '1995-12-14 02:06:59');
INSERT INTO `users` (`id`, `first_name`, `last_name`, `email`, `password_hash`, `phone`, `created_at`) VALUES ('23', 'Kayden', 'Emard', 'kanderson@example.net', '97de5ceba1cc4befd0923dbce5277e7dc1f343f1', '563.905.253', '2009-03-03 12:22:17');
INSERT INTO `users` (`id`, `first_name`, `last_name`, `email`, `password_hash`, `phone`, `created_at`) VALUES ('24', 'Mustafa', 'Kertzmann', 'wmedhurst@example.net', 'bfb46d6518c087a817c78dd83d35c48bc3463b60', '998-324-515', '1971-01-19 00:57:04');
INSERT INTO `users` (`id`, `first_name`, `last_name`, `email`, `password_hash`, `phone`, `created_at`) VALUES ('25', 'Audra', 'Bauch', 'idare@example.net', '82eb5ee8b080997dcbbbf9fcf2c3110eacaeb24a', '+58(8)98021', '2001-04-20 01:59:50');
INSERT INTO `users` (`id`, `first_name`, `last_name`, `email`, `password_hash`, `phone`, `created_at`) VALUES ('26', 'Amiya', 'Gerhold', 'glindgren@example.com', '769d9c38fb4c432134f239fbde6ef1c5c561f601', '240.199.957', '2020-07-03 21:10:00');
INSERT INTO `users` (`id`, `first_name`, `last_name`, `email`, `password_hash`, `phone`, `created_at`) VALUES ('27', 'Alex', 'Gutmann', 'herman.carolyne@example.com', '102be39f82cc2841ab3b972c1455e0da6b33d69e', '(864)753-63', '1977-07-14 18:41:49');
INSERT INTO `users` (`id`, `first_name`, `last_name`, `email`, `password_hash`, `phone`, `created_at`) VALUES ('28', 'Timmy', 'Gottlieb', 'annalise02@example.org', 'da2fa87da06e8519cac9b0e2b22940ba65acd36b', '628.117.401', '1990-11-17 02:09:01');
INSERT INTO `users` (`id`, `first_name`, `last_name`, `email`, `password_hash`, `phone`, `created_at`) VALUES ('29', 'Jaylen', 'Erdman', 'chauncey.terry@example.com', '17aedd4503644606c81eef6b3f6f56d97cf784c7', '1-916-404-5', '1998-07-11 12:59:05');
INSERT INTO `users` (`id`, `first_name`, `last_name`, `email`, `password_hash`, `phone`, `created_at`) VALUES ('30', 'Arlie', 'O\'Reilly', 'lueilwitz.jude@example.com', '383d724041a1df9e62aa566325ed4c6f64cbe7b4', '397-562-113', '1985-10-24 05:05:21');
INSERT INTO `users` (`id`, `first_name`, `last_name`, `email`, `password_hash`, `phone`, `created_at`) VALUES ('31', 'Dino', 'Wilderman', 'ruecker.oral@example.net', 'f2a1676fea48823310e2664fec6e7c8400d3ac92', '1-733-881-1', '2005-12-19 19:33:29');
INSERT INTO `users` (`id`, `first_name`, `last_name`, `email`, `password_hash`, `phone`, `created_at`) VALUES ('32', 'Jabari', 'Welch', 'kailee.stroman@example.com', 'c2c658a62285811b3c1ee610c5613014c7b1e6c5', '979-104-032', '1976-10-29 03:34:19');
INSERT INTO `users` (`id`, `first_name`, `last_name`, `email`, `password_hash`, `phone`, `created_at`) VALUES ('33', 'Amir', 'Jones', 'bert76@example.com', '5988c49d8088e8f9b90042f86b506f2d9c49de86', '027.374.364', '1976-02-02 12:57:55');
INSERT INTO `users` (`id`, `first_name`, `last_name`, `email`, `password_hash`, `phone`, `created_at`) VALUES ('34', 'Kiera', 'Bergstrom', 'lynn34@example.com', '01b1c8ab62d48f51e044395061b9a5ec6cf8d40a', '(099)715-74', '1974-02-20 07:48:16');
INSERT INTO `users` (`id`, `first_name`, `last_name`, `email`, `password_hash`, `phone`, `created_at`) VALUES ('35', 'Lorenzo', 'Mohr', 'freeda29@example.org', 'dec4dc73d44e58e5ed8d1c3e12d48ed6ca8787f9', '434-883-068', '1979-08-03 10:53:58');
INSERT INTO `users` (`id`, `first_name`, `last_name`, `email`, `password_hash`, `phone`, `created_at`) VALUES ('36', 'Alize', 'Rath', 'cblock@example.org', '0da86ee7bb421cfff575275376c78d8acff60db9', '(152)284-72', '1985-09-19 18:09:43');
INSERT INTO `users` (`id`, `first_name`, `last_name`, `email`, `password_hash`, `phone`, `created_at`) VALUES ('37', 'Garry', 'Kassulke', 'chelsea.schmidt@example.org', 'e7706ea2614f7e23650daed2310b9be1c8ecdd93', '1-701-958-0', '1973-10-25 22:45:15');
INSERT INTO `users` (`id`, `first_name`, `last_name`, `email`, `password_hash`, `phone`, `created_at`) VALUES ('38', 'Axel', 'Turner', 'schmitt.virginie@example.com', 'e89578ab75a3485d008e09a04897ef7364198ba7', '622-410-504', '1983-12-05 06:59:34');
INSERT INTO `users` (`id`, `first_name`, `last_name`, `email`, `password_hash`, `phone`, `created_at`) VALUES ('39', 'Rhoda', 'Schamberger', 'ignatius41@example.org', 'f726b4e4e87620f3e59fc9b9c1c30604f2a68db8', '(608)145-02', '2011-02-21 13:12:25');
INSERT INTO `users` (`id`, `first_name`, `last_name`, `email`, `password_hash`, `phone`, `created_at`) VALUES ('40', 'Antonietta', 'Lemke', 'kuphal.jovanny@example.org', '5afff38fdb8dbd54df0a26f840890698a93f4ade', '744-360-183', '2013-03-04 16:53:19');
INSERT INTO `users` (`id`, `first_name`, `last_name`, `email`, `password_hash`, `phone`, `created_at`) VALUES ('41', 'Torey', 'Pouros', 'ortiz.federico@example.net', '8a0a2443115119457c5ac6b0f66ccdf667e8dd3e', '132.932.752', '2012-07-18 10:33:18');
INSERT INTO `users` (`id`, `first_name`, `last_name`, `email`, `password_hash`, `phone`, `created_at`) VALUES ('42', 'Marcelo', 'Stark', 'kunde.fletcher@example.net', '93a43dce8ea30d7b63b88ac31fe03fa0c6055fdc', '794.006.253', '1988-09-26 20:11:01');
INSERT INTO `users` (`id`, `first_name`, `last_name`, `email`, `password_hash`, `phone`, `created_at`) VALUES ('43', 'Cara', 'Schmidt', 'eboyle@example.net', 'd15e48fe5e9d530c6e8a686ed727be58d2e67e21', '1-821-815-7', '2020-08-03 11:38:03');
INSERT INTO `users` (`id`, `first_name`, `last_name`, `email`, `password_hash`, `phone`, `created_at`) VALUES ('44', 'Ciara', 'Schinner', 'jolie.bartell@example.net', '312594137b9c62f62f50fe44080a14f3d06a511c', '+42(5)41477', '1993-01-13 12:04:05');
INSERT INTO `users` (`id`, `first_name`, `last_name`, `email`, `password_hash`, `phone`, `created_at`) VALUES ('45', 'Maximilian', 'Cummings', 'lea40@example.org', '3f3959d46b7668645183992f0d9ce8d86ea102e1', '+67(5)33515', '1977-09-27 20:03:15');
INSERT INTO `users` (`id`, `first_name`, `last_name`, `email`, `password_hash`, `phone`, `created_at`) VALUES ('46', 'Aidan', 'Tremblay', 'roob.jasen@example.net', 'c6e3a84b05cb7a6cb0d656c6dcfc569980db97ce', '550-027-013', '2017-07-11 08:08:47');
INSERT INTO `users` (`id`, `first_name`, `last_name`, `email`, `password_hash`, `phone`, `created_at`) VALUES ('47', 'Krista', 'Hauck', 'german07@example.org', '4b39433ad233eef5ff344266a88ed7c40133e4e6', '(197)995-66', '1975-02-26 15:01:02');
INSERT INTO `users` (`id`, `first_name`, `last_name`, `email`, `password_hash`, `phone`, `created_at`) VALUES ('48', 'Jayson', 'Lueilwitz', 'pkirlin@example.org', '4db149e8d27d5c8e41178cf6b0815db9a3e826b8', '00530625371', '1982-06-14 22:35:57');
INSERT INTO `users` (`id`, `first_name`, `last_name`, `email`, `password_hash`, `phone`, `created_at`) VALUES ('49', 'Darren', 'Beahan', 'stoltenberg.mabel@example.org', 'ac01bcab05b323d59f9436bb1d6fcaea59666bc2', '1-016-261-3', '1996-04-06 16:39:21');
INSERT INTO `users` (`id`, `first_name`, `last_name`, `email`, `password_hash`, `phone`, `created_at`) VALUES ('50', 'Theodore', 'Turcotte', 'kacey09@example.net', '5798da3c70fc75b0839c4abcf6a38dcab4824819', '364.610.950', '2016-06-14 14:47:06');
INSERT INTO `users` (`id`, `first_name`, `last_name`, `email`, `password_hash`, `phone`, `created_at`) VALUES ('51', 'Osvaldo', 'Torphy', 'allie.vonrueden@example.net', '6773e781633dcc88ac33186967b03df51bfab77a', '06139805890', '1979-05-07 11:14:20');
INSERT INTO `users` (`id`, `first_name`, `last_name`, `email`, `password_hash`, `phone`, `created_at`) VALUES ('52', 'Arielle', 'Jerde', 'kamille05@example.org', '8b585606cd29da2efc6e8d5f0e6c1c225d0e58b6', '(504)644-04', '1981-11-29 01:20:28');
INSERT INTO `users` (`id`, `first_name`, `last_name`, `email`, `password_hash`, `phone`, `created_at`) VALUES ('53', 'Heaven', 'McDermott', 'ukeebler@example.net', 'a870debbae14619b98080aa247fa70a9027a66f1', '562.616.733', '1970-02-13 15:15:06');
INSERT INTO `users` (`id`, `first_name`, `last_name`, `email`, `password_hash`, `phone`, `created_at`) VALUES ('54', 'Michaela', 'Kub', 'may.lehner@example.com', 'a1c26568617d7510dceb569840623092b40e2ea3', '724-595-739', '1972-09-21 18:18:13');
INSERT INTO `users` (`id`, `first_name`, `last_name`, `email`, `password_hash`, `phone`, `created_at`) VALUES ('55', 'Clair', 'Nitzsche', 'clubowitz@example.net', '0f458fc9e89815ea064428eaa368d64d8608cc53', '348.933.731', '2012-06-26 14:29:12');
INSERT INTO `users` (`id`, `first_name`, `last_name`, `email`, `password_hash`, `phone`, `created_at`) VALUES ('56', 'Mackenzie', 'Boehm', 'tillman.aubrey@example.com', '556e041118dc1343c4ad6d737fe6f130e54e5e4d', '(549)749-36', '2005-03-21 20:35:05');
INSERT INTO `users` (`id`, `first_name`, `last_name`, `email`, `password_hash`, `phone`, `created_at`) VALUES ('57', 'Esperanza', 'Schultz', 'dallin.lind@example.org', '1ef4185ce0586139abc545ab86a5ff29959b0402', '1-910-340-1', '1976-11-27 04:56:17');
INSERT INTO `users` (`id`, `first_name`, `last_name`, `email`, `password_hash`, `phone`, `created_at`) VALUES ('58', 'Chase', 'Little', 'terry.summer@example.net', '37e669ea8fff7cbe1d6f7320a631ae3753a32eff', '+13(9)36928', '2018-10-21 23:47:16');
INSERT INTO `users` (`id`, `first_name`, `last_name`, `email`, `password_hash`, `phone`, `created_at`) VALUES ('59', 'Einar', 'Zemlak', 'hermina64@example.com', '3eae40c2f9c7315fe55fc55f5f48eb316f761712', '374.330.966', '1972-12-16 13:53:45');
INSERT INTO `users` (`id`, `first_name`, `last_name`, `email`, `password_hash`, `phone`, `created_at`) VALUES ('60', 'Paolo', 'Heaney', 'dickens.ines@example.net', '8245e0542bebc85c8feb5b93b59cbf63f6c54278', '170.151.843', '2006-06-13 22:23:36');
INSERT INTO `users` (`id`, `first_name`, `last_name`, `email`, `password_hash`, `phone`, `created_at`) VALUES ('61', 'Melyna', 'Graham', 'waltenwerth@example.org', 'a9c68c3eceb1d942822f41eefa7ee0155bb51859', '018.858.920', '1973-01-18 15:08:40');
INSERT INTO `users` (`id`, `first_name`, `last_name`, `email`, `password_hash`, `phone`, `created_at`) VALUES ('62', 'Haven', 'Ferry', 'gpurdy@example.net', '1a9b2599d382aa2e83b4f6f5cd6037bde2dfa31b', '297.613.226', '1988-04-17 19:39:44');
INSERT INTO `users` (`id`, `first_name`, `last_name`, `email`, `password_hash`, `phone`, `created_at`) VALUES ('63', 'Olen', 'Johns', 'lhartmann@example.org', 'f67c4f5a64721c3b926407811dbfaf7ce68b0af8', '+50(9)20345', '2009-05-16 12:29:34');
INSERT INTO `users` (`id`, `first_name`, `last_name`, `email`, `password_hash`, `phone`, `created_at`) VALUES ('64', 'Deborah', 'Bartell', 'guiseppe84@example.org', 'e81f22248d9bfd1c8b68e921a8d63b87b1b715d8', '813-103-919', '2018-03-17 07:53:20');
INSERT INTO `users` (`id`, `first_name`, `last_name`, `email`, `password_hash`, `phone`, `created_at`) VALUES ('65', 'Annabelle', 'Mayert', 'zella18@example.org', '501da33c71d3aceb5c5b45f2e1e66da8573f3e32', '+99(7)98784', '1977-03-28 18:29:53');
INSERT INTO `users` (`id`, `first_name`, `last_name`, `email`, `password_hash`, `phone`, `created_at`) VALUES ('66', 'Dell', 'Oberbrunner', 'marvin.luisa@example.net', '77c6a5afe5009978d41eb90a6b2466dbfcd18666', '(310)694-53', '1981-07-01 13:38:34');
INSERT INTO `users` (`id`, `first_name`, `last_name`, `email`, `password_hash`, `phone`, `created_at`) VALUES ('67', 'Matt', 'Bayer', 'ritchie.johann@example.org', '31114dd40c5e6bdd7fc5184c0568e61af83ab347', '1-652-107-1', '2014-08-16 21:22:48');
INSERT INTO `users` (`id`, `first_name`, `last_name`, `email`, `password_hash`, `phone`, `created_at`) VALUES ('68', 'Tyra', 'Marks', 'mathilde37@example.net', '59069bbf6785750fc5a3e2b4b4b644455131ac9d', '711.768.490', '2006-03-12 19:31:55');
INSERT INTO `users` (`id`, `first_name`, `last_name`, `email`, `password_hash`, `phone`, `created_at`) VALUES ('69', 'Ross', 'Halvorson', 'kuhn.reyes@example.com', 'c2cbb5b23b6326be2db9c7b7871e026af2db526b', '959.390.267', '1992-12-31 06:15:41');
INSERT INTO `users` (`id`, `first_name`, `last_name`, `email`, `password_hash`, `phone`, `created_at`) VALUES ('70', 'Sherwood', 'Lynch', 'wrunolfsdottir@example.net', 'f67c28981263d7c265fc2ba6007fefdfa06e07c7', '357.905.847', '2001-09-12 01:04:51');
INSERT INTO `users` (`id`, `first_name`, `last_name`, `email`, `password_hash`, `phone`, `created_at`) VALUES ('71', 'Anya', 'Douglas', 'xkohler@example.com', '191f349e97e9ac9fd769234d34aaf15e4f94fb63', '05405092219', '2008-03-07 16:25:33');
INSERT INTO `users` (`id`, `first_name`, `last_name`, `email`, `password_hash`, `phone`, `created_at`) VALUES ('72', 'Cletus', 'Bradtke', 'coty.hoeger@example.net', '2986f0c9eaf5cea40a0500ffd343115f4a25422d', '1-620-670-9', '2007-05-02 06:32:52');
INSERT INTO `users` (`id`, `first_name`, `last_name`, `email`, `password_hash`, `phone`, `created_at`) VALUES ('73', 'Pinkie', 'Swift', 'ward.abbott@example.com', '4544ba6de97675e2eb401677b9a1aa97986808c6', '(628)735-75', '2000-08-14 21:04:54');
INSERT INTO `users` (`id`, `first_name`, `last_name`, `email`, `password_hash`, `phone`, `created_at`) VALUES ('74', 'Ruben', 'Zemlak', 'wintheiser.bessie@example.com', '959e7814a48d0cad1b424da067f39f0691c17ce9', '(718)539-73', '1979-08-28 02:03:26');
INSERT INTO `users` (`id`, `first_name`, `last_name`, `email`, `password_hash`, `phone`, `created_at`) VALUES ('75', 'Ellis', 'Luettgen', 'lenna91@example.net', '769fbfe99676eeb9c444f5d147c9139b7cbd4293', '961-188-735', '1996-02-26 17:19:43');
INSERT INTO `users` (`id`, `first_name`, `last_name`, `email`, `password_hash`, `phone`, `created_at`) VALUES ('76', 'Amelia', 'Klein', 'lavern.batz@example.net', '2c4d72860a351766684ef3acecc00ab15a7bab75', '+18(8)27857', '2000-10-21 04:09:58');
INSERT INTO `users` (`id`, `first_name`, `last_name`, `email`, `password_hash`, `phone`, `created_at`) VALUES ('77', 'Victor', 'Effertz', 'perry70@example.org', '5775632b465482a9c847bc5df3e1192abe973b39', '(592)212-43', '1971-09-24 23:14:49');
INSERT INTO `users` (`id`, `first_name`, `last_name`, `email`, `password_hash`, `phone`, `created_at`) VALUES ('78', 'Freida', 'Lebsack', 'sdooley@example.net', '76d59d884dd35aebb2a2b6093c306ae9ae75d856', '1-946-936-3', '2000-01-30 10:24:58');
INSERT INTO `users` (`id`, `first_name`, `last_name`, `email`, `password_hash`, `phone`, `created_at`) VALUES ('79', 'Electa', 'Brekke', 'ekozey@example.com', 'b330774742790f82a5d5c43ace253282c6c71315', '1-153-883-9', '1993-05-04 20:17:41');
INSERT INTO `users` (`id`, `first_name`, `last_name`, `email`, `password_hash`, `phone`, `created_at`) VALUES ('80', 'Rhiannon', 'Gerlach', 'adela58@example.net', '8b7644a371d35d847e1893c08fae21a93d36deb8', '618.078.711', '2013-07-11 09:06:02');
INSERT INTO `users` (`id`, `first_name`, `last_name`, `email`, `password_hash`, `phone`, `created_at`) VALUES ('81', 'Twila', 'Trantow', 'jesse.lueilwitz@example.com', 'b5b223bd9b620ceba99ad2956957061e410cda46', '(014)917-89', '1995-12-20 00:20:36');
INSERT INTO `users` (`id`, `first_name`, `last_name`, `email`, `password_hash`, `phone`, `created_at`) VALUES ('82', 'Remington', 'Heathcote', 'lcole@example.org', 'fcda9013709e55107b3537c6181a578cc0921f5b', '02130946200', '1977-08-07 16:03:53');
INSERT INTO `users` (`id`, `first_name`, `last_name`, `email`, `password_hash`, `phone`, `created_at`) VALUES ('83', 'Wilton', 'Veum', 'ofranecki@example.net', '6da48956b5b1d83ffe9458b7a31e33c527a5f0c1', '279.999.792', '1971-08-14 17:04:27');
INSERT INTO `users` (`id`, `first_name`, `last_name`, `email`, `password_hash`, `phone`, `created_at`) VALUES ('84', 'Alessia', 'Wisozk', 'lizzie09@example.net', '5c4dd02727f0aed3a2a9bf70d8e3189d0e778a7c', '721-358-682', '1998-06-17 09:30:17');
INSERT INTO `users` (`id`, `first_name`, `last_name`, `email`, `password_hash`, `phone`, `created_at`) VALUES ('85', 'Stephania', 'Ankunding', 'gibson.effie@example.com', 'c5c47927eabe2c0242b97acf2c31cb854a919a5d', '805-858-499', '2019-06-17 05:03:38');
INSERT INTO `users` (`id`, `first_name`, `last_name`, `email`, `password_hash`, `phone`, `created_at`) VALUES ('86', 'Albina', 'Jenkins', 'amber.russel@example.org', '497575f49818309dfffb4e8580ff9cb063aa8546', '+66(9)11974', '1981-06-24 21:23:41');
INSERT INTO `users` (`id`, `first_name`, `last_name`, `email`, `password_hash`, `phone`, `created_at`) VALUES ('87', 'Zaria', 'Abernathy', 'gorczany.rogers@example.com', '0de8ac1cb3b5fed4c327404ccd17336b6eef3bb7', '+86(2)11142', '2005-08-02 19:37:08');
INSERT INTO `users` (`id`, `first_name`, `last_name`, `email`, `password_hash`, `phone`, `created_at`) VALUES ('88', 'Gracie', 'Sanford', 'mokuneva@example.net', '22315176f9c9645a09a68dc2ca442e3f68e24368', '(262)728-98', '1978-03-25 17:12:32');
INSERT INTO `users` (`id`, `first_name`, `last_name`, `email`, `password_hash`, `phone`, `created_at`) VALUES ('89', 'Roberta', 'Volkman', 'o\'conner.ashtyn@example.org', '7d89bc640b59b5cb3fdc32d58082343dab7e0de5', '1-101-788-7', '1989-06-08 04:09:07');
INSERT INTO `users` (`id`, `first_name`, `last_name`, `email`, `password_hash`, `phone`, `created_at`) VALUES ('90', 'Graham', 'Kutch', 'qyundt@example.net', 'b21a7c2430b11a5501c01ffec68425cfe46fe1a5', '630-469-638', '1979-04-23 04:30:38');
INSERT INTO `users` (`id`, `first_name`, `last_name`, `email`, `password_hash`, `phone`, `created_at`) VALUES ('91', 'Filiberto', 'Smitham', 'tommie27@example.com', '0475cedc6628b87563455e86c6c4c6d46b54b34a', '1-240-940-4', '2014-02-02 22:59:41');
INSERT INTO `users` (`id`, `first_name`, `last_name`, `email`, `password_hash`, `phone`, `created_at`) VALUES ('92', 'Mike', 'Wintheiser', 'will.frederic@example.net', '19432109a87c63cf95ccb7278f3c26074d260279', '(724)415-01', '2012-07-30 08:26:25');
INSERT INTO `users` (`id`, `first_name`, `last_name`, `email`, `password_hash`, `phone`, `created_at`) VALUES ('93', 'Ella', 'Roob', 'abigale62@example.org', 'bb677d4d332d80e30833e8eae35cac6c01dad0b0', '(754)956-72', '2003-08-03 01:15:50');
INSERT INTO `users` (`id`, `first_name`, `last_name`, `email`, `password_hash`, `phone`, `created_at`) VALUES ('94', 'Edgar', 'Mayer', 'beier.edmund@example.org', '912f1293ed4ae04c01d277955c35ddb9ff5ba845', '452-805-497', '1990-06-30 00:21:29');
INSERT INTO `users` (`id`, `first_name`, `last_name`, `email`, `password_hash`, `phone`, `created_at`) VALUES ('95', 'Alaina', 'Baumbach', 'alysa.barrows@example.org', '9ec4dbe1d31dfebdaa4b0783243328cc4a2c23cb', '025.614.962', '2001-11-29 05:58:06');
INSERT INTO `users` (`id`, `first_name`, `last_name`, `email`, `password_hash`, `phone`, `created_at`) VALUES ('96', 'Hunter', 'Swift', 'pschmeler@example.com', '83f2575edb92ac5483fc953af4d8c7a82af7b793', '918.663.261', '2020-06-09 11:09:38');
INSERT INTO `users` (`id`, `first_name`, `last_name`, `email`, `password_hash`, `phone`, `created_at`) VALUES ('97', 'Norma', 'Hermiston', 'mitchell.lawrence@example.org', '44fc1adbe8a965762fb582d6182a68800cb63032', '475.433.253', '2003-06-20 18:32:57');
INSERT INTO `users` (`id`, `first_name`, `last_name`, `email`, `password_hash`, `phone`, `created_at`) VALUES ('98', 'Melyna', 'Simonis', 'rbahringer@example.org', 'e343e365f5c5064bbdd402ac777ff1af59523cdb', '1-142-889-3', '1981-04-06 09:45:14');
INSERT INTO `users` (`id`, `first_name`, `last_name`, `email`, `password_hash`, `phone`, `created_at`) VALUES ('99', 'Aida', 'Kling', 'jmacejkovic@example.net', '08e17572f5a13d576b104962931ed24681a5c4a8', '(775)534-64', '1981-06-06 02:33:01');
INSERT INTO `users` (`id`, `first_name`, `last_name`, `email`, `password_hash`, `phone`, `created_at`) VALUES ('100', 'Carmela', 'Skiles', 'derek.kub@example.org', 'd8496e605782adfe6e76f934c31743ddc661b2d7', '246.400.988', '2001-04-05 16:10:52');

INSERT INTO `media` (`id`, `user_id`, `media_types_id`, `file_name`, `file_size`, `created_at`) VALUES ('1', '1', 1, 'dolor', '93', '2013-05-29 12:44:10');
INSERT INTO `media` (`id`, `user_id`, `media_types_id`, `file_name`, `file_size`, `created_at`) VALUES ('2', '2', 2, 'dolorem', '875620749', '2011-09-29 16:15:04');
INSERT INTO `media` (`id`, `user_id`, `media_types_id`, `file_name`, `file_size`, `created_at`) VALUES ('3', '3', 3, 'neque', '224689147', '1988-12-03 19:33:41');
INSERT INTO `media` (`id`, `user_id`, `media_types_id`, `file_name`, `file_size`, `created_at`) VALUES ('4', '4', 4, 'natus', '728814', '1973-11-17 21:46:28');
INSERT INTO `media` (`id`, `user_id`, `media_types_id`, `file_name`, `file_size`, `created_at`) VALUES ('5', '5', 1, 'aut', '915730', '1972-05-17 06:22:18');
INSERT INTO `media` (`id`, `user_id`, `media_types_id`, `file_name`, `file_size`, `created_at`) VALUES ('6', '6', 2, 'commodi', '366453', '2001-05-06 09:31:18');
INSERT INTO `media` (`id`, `user_id`, `media_types_id`, `file_name`, `file_size`, `created_at`) VALUES ('7', '7', 3, 'animi', '762620', '2017-04-26 14:52:25');
INSERT INTO `media` (`id`, `user_id`, `media_types_id`, `file_name`, `file_size`, `created_at`) VALUES ('8', '8', 4, 'omnis', '520706', '1980-11-11 02:42:05');
INSERT INTO `media` (`id`, `user_id`, `media_types_id`, `file_name`, `file_size`, `created_at`) VALUES ('9', '9', 1, 'minima', '176', '1980-07-30 05:29:51');
INSERT INTO `media` (`id`, `user_id`, `media_types_id`, `file_name`, `file_size`, `created_at`) VALUES ('10', '10', 2, 'atque', '0', '2008-01-25 01:17:47');
INSERT INTO `media` (`id`, `user_id`, `media_types_id`, `file_name`, `file_size`, `created_at`) VALUES ('11', '11', 3, 'aliquam', '7', '1994-03-09 21:27:04');
INSERT INTO `media` (`id`, `user_id`, `media_types_id`, `file_name`, `file_size`, `created_at`) VALUES ('12', '12', 4, 'quia', '52873', '2013-12-17 18:57:28');
INSERT INTO `media` (`id`, `user_id`, `media_types_id`, `file_name`, `file_size`, `created_at`) VALUES ('13', '13', 1, 'debitis', '96', '2001-03-04 09:03:48');
INSERT INTO `media` (`id`, `user_id`, `media_types_id`, `file_name`, `file_size`, `created_at`) VALUES ('14', '14', 2, 'qui', '5', '1985-04-20 06:41:32');
INSERT INTO `media` (`id`, `user_id`, `media_types_id`, `file_name`, `file_size`, `created_at`) VALUES ('15', '15', 3, 'voluptatibus', '0', '1971-03-21 20:47:40');
INSERT INTO `media` (`id`, `user_id`, `media_types_id`, `file_name`, `file_size`, `created_at`) VALUES ('16', '16', 4, 'quas', '35', '1977-04-13 20:28:27');
INSERT INTO `media` (`id`, `user_id`, `media_types_id`, `file_name`, `file_size`, `created_at`) VALUES ('17', '17', 1, 'amet', '89595674', '2019-05-14 19:05:50');
INSERT INTO `media` (`id`, `user_id`, `media_types_id`, `file_name`, `file_size`, `created_at`) VALUES ('18', '18', 2, 'magnam', '11440', '1971-02-04 01:39:02');
INSERT INTO `media` (`id`, `user_id`, `media_types_id`, `file_name`, `file_size`, `created_at`) VALUES ('19', '19', 3, 'doloribus', '394', '1992-09-06 02:47:04');
INSERT INTO `media` (`id`, `user_id`, `media_types_id`, `file_name`, `file_size`, `created_at`) VALUES ('20', '20', 4, 'perferendis', '250', '1986-11-26 06:37:25');
INSERT INTO `media` (`id`, `user_id`, `media_types_id`, `file_name`, `file_size`, `created_at`) VALUES ('21', '21', 1, 'suscipit', '68', '1998-09-07 14:01:38');
INSERT INTO `media` (`id`, `user_id`, `media_types_id`, `file_name`, `file_size`, `created_at`) VALUES ('22', '22', 2, 'dolore', '0', '1971-02-09 01:58:16');
INSERT INTO `media` (`id`, `user_id`, `media_types_id`, `file_name`, `file_size`, `created_at`) VALUES ('23', '23', 3, 'tenetur', '14077600', '1987-03-04 08:57:31');
INSERT INTO `media` (`id`, `user_id`, `media_types_id`, `file_name`, `file_size`, `created_at`) VALUES ('24', '24', 4, 'quasi', '530', '2010-11-07 18:17:11');
INSERT INTO `media` (`id`, `user_id`, `media_types_id`, `file_name`, `file_size`, `created_at`) VALUES ('25', '25', 1, 'odio', '42519158', '2001-11-23 20:43:18');
INSERT INTO `media` (`id`, `user_id`, `media_types_id`, `file_name`, `file_size`, `created_at`) VALUES ('26', '26', 2, 'nisi', '301797', '2011-01-01 05:37:29');
INSERT INTO `media` (`id`, `user_id`, `media_types_id`, `file_name`, `file_size`, `created_at`) VALUES ('27', '27', 3, 'est', '389', '2003-10-29 14:59:56');
INSERT INTO `media` (`id`, `user_id`, `media_types_id`, `file_name`, `file_size`, `created_at`) VALUES ('28', '28', 4, 'iusto', '325987', '1979-03-13 01:04:10');
INSERT INTO `media` (`id`, `user_id`, `media_types_id`, `file_name`, `file_size`, `created_at`) VALUES ('29', '29', 1, 'illum', '14220568', '2008-12-09 01:56:40');
INSERT INTO `media` (`id`, `user_id`, `media_types_id`, `file_name`, `file_size`, `created_at`) VALUES ('30', '30', 2, 'quos', '0', '1978-01-16 07:30:33');
INSERT INTO `media` (`id`, `user_id`, `media_types_id`, `file_name`, `file_size`, `created_at`) VALUES ('31', '31', 3, 'alias', '229687912', '2009-05-02 21:04:32');
INSERT INTO `media` (`id`, `user_id`, `media_types_id`, `file_name`, `file_size`, `created_at`) VALUES ('32', '32', 4, 'voluptatem', '34', '1998-12-08 16:53:39');
INSERT INTO `media` (`id`, `user_id`, `media_types_id`, `file_name`, `file_size`, `created_at`) VALUES ('33', '33', 1, 'fugit', '738352862', '1993-08-01 05:30:21');
INSERT INTO `media` (`id`, `user_id`, `media_types_id`, `file_name`, `file_size`, `created_at`) VALUES ('34', '34', 2, 'nobis', '354481092', '1970-07-03 04:33:22');
INSERT INTO `media` (`id`, `user_id`, `media_types_id`, `file_name`, `file_size`, `created_at`) VALUES ('35', '35', 3, 'atque', '897', '1994-06-05 06:35:18');
INSERT INTO `media` (`id`, `user_id`, `media_types_id`, `file_name`, `file_size`, `created_at`) VALUES ('36', '36', 4, 'dolorum', '0', '1973-12-22 04:34:06');
INSERT INTO `media` (`id`, `user_id`, `media_types_id`, `file_name`, `file_size`, `created_at`) VALUES ('37', '37', 1, 'error', '295372', '2008-04-19 22:00:23');
INSERT INTO `media` (`id`, `user_id`, `media_types_id`, `file_name`, `file_size`, `created_at`) VALUES ('38', '38', 2, 'asperiores', '0', '2012-11-24 05:36:28');
INSERT INTO `media` (`id`, `user_id`, `media_types_id`, `file_name`, `file_size`, `created_at`) VALUES ('39', '39', 3, 'incidunt', '378048784', '1999-08-16 18:03:45');
INSERT INTO `media` (`id`, `user_id`, `media_types_id`, `file_name`, `file_size`, `created_at`) VALUES ('40', '40', 4, 'non', '504469730', '2013-08-31 01:43:50');
INSERT INTO `media` (`id`, `user_id`, `media_types_id`, `file_name`, `file_size`, `created_at`) VALUES ('41', '41', 1, 'eum', '682', '2018-08-22 13:55:47');
INSERT INTO `media` (`id`, `user_id`, `media_types_id`, `file_name`, `file_size`, `created_at`) VALUES ('42', '42', 2, 'quia', '993634', '2015-11-19 07:20:55');
INSERT INTO `media` (`id`, `user_id`, `media_types_id`, `file_name`, `file_size`, `created_at`) VALUES ('43', '43', 3, 'quidem', '0', '2002-10-19 23:28:38');
INSERT INTO `media` (`id`, `user_id`, `media_types_id`, `file_name`, `file_size`, `created_at`) VALUES ('44', '44', 4, 'sunt', '14722999', '2001-06-17 15:02:08');
INSERT INTO `media` (`id`, `user_id`, `media_types_id`, `file_name`, `file_size`, `created_at`) VALUES ('45', '45', 1, 'eius', '587825783', '2000-10-07 12:25:00');
INSERT INTO `media` (`id`, `user_id`, `media_types_id`, `file_name`, `file_size`, `created_at`) VALUES ('46', '46', 2, 'consequatur', '667043', '1975-06-18 01:10:37');
INSERT INTO `media` (`id`, `user_id`, `media_types_id`, `file_name`, `file_size`, `created_at`) VALUES ('47', '47', 3, 'est', '16829143', '2016-07-14 02:03:58');
INSERT INTO `media` (`id`, `user_id`, `media_types_id`, `file_name`, `file_size`, `created_at`) VALUES ('48', '48', 4, 'exercitationem', '75', '1985-12-16 12:18:10');
INSERT INTO `media` (`id`, `user_id`, `media_types_id`, `file_name`, `file_size`, `created_at`) VALUES ('49', '49', 1, 'delectus', '0', '1990-03-11 23:30:15');
INSERT INTO `media` (`id`, `user_id`, `media_types_id`, `file_name`, `file_size`, `created_at`) VALUES ('50', '50', 2, 'harum', '0', '2015-07-25 15:46:39');
INSERT INTO `media` (`id`, `user_id`, `media_types_id`, `file_name`, `file_size`, `created_at`) VALUES ('51', '51', 3, 'ducimus', '467772084', '2008-12-18 15:41:11');
INSERT INTO `media` (`id`, `user_id`, `media_types_id`, `file_name`, `file_size`, `created_at`) VALUES ('52', '52', 4, 'dolore', '0', '1999-07-07 08:34:29');
INSERT INTO `media` (`id`, `user_id`, `media_types_id`, `file_name`, `file_size`, `created_at`) VALUES ('53', '53', 1, 'et', '30', '1995-04-19 09:59:04');
INSERT INTO `media` (`id`, `user_id`, `media_types_id`, `file_name`, `file_size`, `created_at`) VALUES ('54', '54', 2, 'in', '2573', '2000-01-01 01:20:26');
INSERT INTO `media` (`id`, `user_id`, `media_types_id`, `file_name`, `file_size`, `created_at`) VALUES ('55', '55', 3, 'debitis', '7', '1971-03-05 09:03:16');
INSERT INTO `media` (`id`, `user_id`, `media_types_id`, `file_name`, `file_size`, `created_at`) VALUES ('56', '56', 4, 'culpa', '0', '1970-08-13 18:23:34');
INSERT INTO `media` (`id`, `user_id`, `media_types_id`, `file_name`, `file_size`, `created_at`) VALUES ('57', '57', 1, 'optio', '6050146', '1973-08-26 00:38:51');
INSERT INTO `media` (`id`, `user_id`, `media_types_id`, `file_name`, `file_size`, `created_at`) VALUES ('58', '58', 2, 'magni', '1940044', '2004-06-04 16:45:22');
INSERT INTO `media` (`id`, `user_id`, `media_types_id`, `file_name`, `file_size`, `created_at`) VALUES ('59', '59', 3, 'cum', '4', '1987-07-14 11:19:54');
INSERT INTO `media` (`id`, `user_id`, `media_types_id`, `file_name`, `file_size`, `created_at`) VALUES ('60', '60', 4, 'explicabo', '9', '1974-03-14 09:27:32');
INSERT INTO `media` (`id`, `user_id`, `media_types_id`, `file_name`, `file_size`, `created_at`) VALUES ('61', '61', 1, 'illo', '5787093', '1976-06-05 03:10:29');
INSERT INTO `media` (`id`, `user_id`, `media_types_id`, `file_name`, `file_size`, `created_at`) VALUES ('62', '62', 2, 'ipsum', '96445209', '2020-06-18 10:54:47');
INSERT INTO `media` (`id`, `user_id`, `media_types_id`, `file_name`, `file_size`, `created_at`) VALUES ('63', '63', 3, 'voluptas', '9', '1996-01-20 02:26:55');
INSERT INTO `media` (`id`, `user_id`, `media_types_id`, `file_name`, `file_size`, `created_at`) VALUES ('64', '64', 4, 'tempora', '31615438', '2004-02-19 03:36:04');
INSERT INTO `media` (`id`, `user_id`, `media_types_id`, `file_name`, `file_size`, `created_at`) VALUES ('65', '65', 1, 'earum', '47544518', '1991-11-08 13:55:08');
INSERT INTO `media` (`id`, `user_id`, `media_types_id`, `file_name`, `file_size`, `created_at`) VALUES ('66', '66', 2, 'itaque', '4801328', '1989-09-01 13:25:45');
INSERT INTO `media` (`id`, `user_id`, `media_types_id`, `file_name`, `file_size`, `created_at`) VALUES ('67', '67', 3, 'excepturi', '70', '2003-08-11 14:44:54');
INSERT INTO `media` (`id`, `user_id`, `media_types_id`, `file_name`, `file_size`, `created_at`) VALUES ('68', '68', 4, 'exercitationem', '0', '2006-02-25 11:11:16');
INSERT INTO `media` (`id`, `user_id`, `media_types_id`, `file_name`, `file_size`, `created_at`) VALUES ('69', '69', 1, 'quisquam', '357609', '1977-08-03 01:18:51');
INSERT INTO `media` (`id`, `user_id`, `media_types_id`, `file_name`, `file_size`, `created_at`) VALUES ('70', '70', 2, 'porro', '6795520', '1976-08-01 20:17:05');
INSERT INTO `media` (`id`, `user_id`, `media_types_id`, `file_name`, `file_size`, `created_at`) VALUES ('71', '71', 3, 'consequatur', '53808', '1976-10-02 13:48:15');
INSERT INTO `media` (`id`, `user_id`, `media_types_id`, `file_name`, `file_size`, `created_at`) VALUES ('72', '72', 4, 'qui', '154992280', '2020-08-13 03:41:57');
INSERT INTO `media` (`id`, `user_id`, `media_types_id`, `file_name`, `file_size`, `created_at`) VALUES ('73', '73', 1, 'similique', '45109', '2015-03-18 06:30:47');
INSERT INTO `media` (`id`, `user_id`, `media_types_id`, `file_name`, `file_size`, `created_at`) VALUES ('74', '74', 2, 'tempore', '0', '2000-07-05 18:23:00');
INSERT INTO `media` (`id`, `user_id`, `media_types_id`, `file_name`, `file_size`, `created_at`) VALUES ('75', '75', 3, 'mollitia', '8696019', '1974-08-07 14:08:08');
INSERT INTO `media` (`id`, `user_id`, `media_types_id`, `file_name`, `file_size`, `created_at`) VALUES ('76', '76', 4, 'ut', '7150276', '1990-05-22 21:56:05');
INSERT INTO `media` (`id`, `user_id`, `media_types_id`, `file_name`, `file_size`, `created_at`) VALUES ('77', '77', 1, 'libero', '1', '2013-09-16 02:22:28');
INSERT INTO `media` (`id`, `user_id`, `media_types_id`, `file_name`, `file_size`, `created_at`) VALUES ('78', '78', 2, 'accusantium', '7831', '2002-11-03 12:30:14');
INSERT INTO `media` (`id`, `user_id`, `media_types_id`, `file_name`, `file_size`, `created_at`) VALUES ('79', '79', 3, 'tempora', '5519128', '2004-02-06 16:16:37');
INSERT INTO `media` (`id`, `user_id`, `media_types_id`, `file_name`, `file_size`, `created_at`) VALUES ('80', '80', 4, 'asperiores', '7105835', '2011-05-06 20:50:39');
INSERT INTO `media` (`id`, `user_id`, `media_types_id`, `file_name`, `file_size`, `created_at`) VALUES ('81', '81', 1, 'optio', '0', '1994-10-05 18:07:36');
INSERT INTO `media` (`id`, `user_id`, `media_types_id`, `file_name`, `file_size`, `created_at`) VALUES ('82', '82', 2, 'fugiat', '430954', '1999-06-03 17:37:50');
INSERT INTO `media` (`id`, `user_id`, `media_types_id`, `file_name`, `file_size`, `created_at`) VALUES ('83', '83', 3, 'ut', '3876', '1990-09-02 15:12:31');
INSERT INTO `media` (`id`, `user_id`, `media_types_id`, `file_name`, `file_size`, `created_at`) VALUES ('84', '84', 4, 'est', '1944', '1996-09-02 00:08:32');
INSERT INTO `media` (`id`, `user_id`, `media_types_id`, `file_name`, `file_size`, `created_at`) VALUES ('85', '85', 1, 'molestiae', '5035', '1988-10-18 07:09:37');
INSERT INTO `media` (`id`, `user_id`, `media_types_id`, `file_name`, `file_size`, `created_at`) VALUES ('86', '86', 2, 'ea', '9885', '1972-12-08 12:21:35');
INSERT INTO `media` (`id`, `user_id`, `media_types_id`, `file_name`, `file_size`, `created_at`) VALUES ('87', '87', 3, 'optio', '21971388', '1976-11-03 21:09:47');
INSERT INTO `media` (`id`, `user_id`, `media_types_id`, `file_name`, `file_size`, `created_at`) VALUES ('88', '88', 4, 'commodi', '4921', '1973-05-31 15:43:43');
INSERT INTO `media` (`id`, `user_id`, `media_types_id`, `file_name`, `file_size`, `created_at`) VALUES ('89', '89', 1, 'velit', '73672', '1975-11-23 01:10:34');
INSERT INTO `media` (`id`, `user_id`, `media_types_id`, `file_name`, `file_size`, `created_at`) VALUES ('90', '90', 2, 'omnis', '7', '1995-04-11 19:23:36');
INSERT INTO `media` (`id`, `user_id`, `media_types_id`, `file_name`, `file_size`, `created_at`) VALUES ('91', '91', 3, 'qui', '52469', '2008-10-15 18:32:14');
INSERT INTO `media` (`id`, `user_id`, `media_types_id`, `file_name`, `file_size`, `created_at`) VALUES ('92', '92', 4, 'rerum', '0', '2003-11-09 21:58:52');
INSERT INTO `media` (`id`, `user_id`, `media_types_id`, `file_name`, `file_size`, `created_at`) VALUES ('93', '93', 1, 'consequatur', '8', '2007-04-21 22:56:25');
INSERT INTO `media` (`id`, `user_id`, `media_types_id`, `file_name`, `file_size`, `created_at`) VALUES ('94', '94', 2, 'iste', '1075', '1976-03-14 00:54:22');
INSERT INTO `media` (`id`, `user_id`, `media_types_id`, `file_name`, `file_size`, `created_at`) VALUES ('95', '95', 3, 'vitae', '37462842', '1989-07-08 05:07:34');
INSERT INTO `media` (`id`, `user_id`, `media_types_id`, `file_name`, `file_size`, `created_at`) VALUES ('96', '96', 4, 'veritatis', '35663', '1983-01-09 17:04:18');
INSERT INTO `media` (`id`, `user_id`, `media_types_id`, `file_name`, `file_size`, `created_at`) VALUES ('97', '97', 1, 'quia', '9967', '1972-09-04 01:30:59');
INSERT INTO `media` (`id`, `user_id`, `media_types_id`, `file_name`, `file_size`, `created_at`) VALUES ('98', '98', 2, 'quidem', '83712', '2012-05-30 14:26:59');
INSERT INTO `media` (`id`, `user_id`, `media_types_id`, `file_name`, `file_size`, `created_at`) VALUES ('99', '99', 3, 'veniam', '13774', '1979-08-03 05:34:50');
INSERT INTO `media` (`id`, `user_id`, `media_types_id`, `file_name`, `file_size`, `created_at`) VALUES ('100', '100', 4, 'ipsa', '591', '2008-08-31 15:48:33');

INSERT INTO `profiles` (`user_id`, `gender`, `birthday`, `photo_id`, `hometown`) VALUES ('1', NULL, '1978-06-06', '1', NULL);
INSERT INTO `profiles` (`user_id`, `gender`, `birthday`, `photo_id`, `hometown`) VALUES ('2', NULL, '2012-08-25', '2', NULL);
INSERT INTO `profiles` (`user_id`, `gender`, `birthday`, `photo_id`, `hometown`) VALUES ('3', NULL, '1975-04-27', '3', NULL);
INSERT INTO `profiles` (`user_id`, `gender`, `birthday`, `photo_id`, `hometown`) VALUES ('4', NULL, '1989-04-12', '4', NULL);
INSERT INTO `profiles` (`user_id`, `gender`, `birthday`, `photo_id`, `hometown`) VALUES ('5', NULL, '1984-05-12', '5', NULL);
INSERT INTO `profiles` (`user_id`, `gender`, `birthday`, `photo_id`, `hometown`) VALUES ('6', NULL, '1995-11-22', '6', NULL);
INSERT INTO `profiles` (`user_id`, `gender`, `birthday`, `photo_id`, `hometown`) VALUES ('7', NULL, '1984-01-24', '7', NULL);
INSERT INTO `profiles` (`user_id`, `gender`, `birthday`, `photo_id`, `hometown`) VALUES ('8', NULL, '1993-03-06', '8', NULL);
INSERT INTO `profiles` (`user_id`, `gender`, `birthday`, `photo_id`, `hometown`) VALUES ('9', NULL, '1972-09-20', '9', NULL);
INSERT INTO `profiles` (`user_id`, `gender`, `birthday`, `photo_id`, `hometown`) VALUES ('10', NULL, '1976-01-26', '10', NULL);
INSERT INTO `profiles` (`user_id`, `gender`, `birthday`, `photo_id`, `hometown`) VALUES ('11', NULL, '2002-04-17', '11', NULL);
INSERT INTO `profiles` (`user_id`, `gender`, `birthday`, `photo_id`, `hometown`) VALUES ('12', NULL, '1973-09-21', '12', NULL);
INSERT INTO `profiles` (`user_id`, `gender`, `birthday`, `photo_id`, `hometown`) VALUES ('13', NULL, '2020-08-02', '13', NULL);
INSERT INTO `profiles` (`user_id`, `gender`, `birthday`, `photo_id`, `hometown`) VALUES ('14', NULL, '2009-12-18', '14', NULL);
INSERT INTO `profiles` (`user_id`, `gender`, `birthday`, `photo_id`, `hometown`) VALUES ('15', NULL, '1992-07-16', '15', NULL);
INSERT INTO `profiles` (`user_id`, `gender`, `birthday`, `photo_id`, `hometown`) VALUES ('16', NULL, '2013-10-21', '16', NULL);
INSERT INTO `profiles` (`user_id`, `gender`, `birthday`, `photo_id`, `hometown`) VALUES ('17', NULL, '2011-01-17', '17', NULL);
INSERT INTO `profiles` (`user_id`, `gender`, `birthday`, `photo_id`, `hometown`) VALUES ('18', NULL, '2010-01-16', '18', NULL);
INSERT INTO `profiles` (`user_id`, `gender`, `birthday`, `photo_id`, `hometown`) VALUES ('19', NULL, '2008-11-20', '19', NULL);
INSERT INTO `profiles` (`user_id`, `gender`, `birthday`, `photo_id`, `hometown`) VALUES ('20', NULL, '1997-02-15', '20', NULL);
INSERT INTO `profiles` (`user_id`, `gender`, `birthday`, `photo_id`, `hometown`) VALUES ('21', NULL, '1981-08-23', '21', NULL);
INSERT INTO `profiles` (`user_id`, `gender`, `birthday`, `photo_id`, `hometown`) VALUES ('22', NULL, '1985-09-05', '22', NULL);
INSERT INTO `profiles` (`user_id`, `gender`, `birthday`, `photo_id`, `hometown`) VALUES ('23', NULL, '1977-09-02', '23', NULL);
INSERT INTO `profiles` (`user_id`, `gender`, `birthday`, `photo_id`, `hometown`) VALUES ('24', NULL, '1992-05-02', '24', NULL);
INSERT INTO `profiles` (`user_id`, `gender`, `birthday`, `photo_id`, `hometown`) VALUES ('25', NULL, '2020-01-12', '25', NULL);
INSERT INTO `profiles` (`user_id`, `gender`, `birthday`, `photo_id`, `hometown`) VALUES ('26', NULL, '1981-11-16', '26', NULL);
INSERT INTO `profiles` (`user_id`, `gender`, `birthday`, `photo_id`, `hometown`) VALUES ('27', NULL, '1995-07-18', '27', NULL);
INSERT INTO `profiles` (`user_id`, `gender`, `birthday`, `photo_id`, `hometown`) VALUES ('28', NULL, '1978-10-20', '28', NULL);
INSERT INTO `profiles` (`user_id`, `gender`, `birthday`, `photo_id`, `hometown`) VALUES ('29', NULL, '2002-02-14', '29', NULL);
INSERT INTO `profiles` (`user_id`, `gender`, `birthday`, `photo_id`, `hometown`) VALUES ('30', NULL, '1976-08-22', '30', NULL);
INSERT INTO `profiles` (`user_id`, `gender`, `birthday`, `photo_id`, `hometown`) VALUES ('31', NULL, '1982-06-27', '31', NULL);
INSERT INTO `profiles` (`user_id`, `gender`, `birthday`, `photo_id`, `hometown`) VALUES ('32', NULL, '1995-01-15', '32', NULL);
INSERT INTO `profiles` (`user_id`, `gender`, `birthday`, `photo_id`, `hometown`) VALUES ('33', NULL, '1998-09-30', '33', NULL);
INSERT INTO `profiles` (`user_id`, `gender`, `birthday`, `photo_id`, `hometown`) VALUES ('34', NULL, '2003-09-09', '34', NULL);
INSERT INTO `profiles` (`user_id`, `gender`, `birthday`, `photo_id`, `hometown`) VALUES ('35', NULL, '2004-02-04', '35', NULL);
INSERT INTO `profiles` (`user_id`, `gender`, `birthday`, `photo_id`, `hometown`) VALUES ('36', NULL, '1978-12-23', '36', NULL);
INSERT INTO `profiles` (`user_id`, `gender`, `birthday`, `photo_id`, `hometown`) VALUES ('37', NULL, '1978-09-15', '37', NULL);
INSERT INTO `profiles` (`user_id`, `gender`, `birthday`, `photo_id`, `hometown`) VALUES ('38', NULL, '1974-02-22', '38', NULL);
INSERT INTO `profiles` (`user_id`, `gender`, `birthday`, `photo_id`, `hometown`) VALUES ('39', NULL, '1996-11-08', '39', NULL);
INSERT INTO `profiles` (`user_id`, `gender`, `birthday`, `photo_id`, `hometown`) VALUES ('40', NULL, '2016-07-20', '40', NULL);
INSERT INTO `profiles` (`user_id`, `gender`, `birthday`, `photo_id`, `hometown`) VALUES ('41', NULL, '1974-08-05', '41', NULL);
INSERT INTO `profiles` (`user_id`, `gender`, `birthday`, `photo_id`, `hometown`) VALUES ('42', NULL, '1993-06-30', '42', NULL);
INSERT INTO `profiles` (`user_id`, `gender`, `birthday`, `photo_id`, `hometown`) VALUES ('43', NULL, '1998-09-10', '43', NULL);
INSERT INTO `profiles` (`user_id`, `gender`, `birthday`, `photo_id`, `hometown`) VALUES ('44', NULL, '2007-04-06', '44', NULL);
INSERT INTO `profiles` (`user_id`, `gender`, `birthday`, `photo_id`, `hometown`) VALUES ('45', NULL, '2011-12-05', '45', NULL);
INSERT INTO `profiles` (`user_id`, `gender`, `birthday`, `photo_id`, `hometown`) VALUES ('46', NULL, '1995-06-14', '46', NULL);
INSERT INTO `profiles` (`user_id`, `gender`, `birthday`, `photo_id`, `hometown`) VALUES ('47', NULL, '1992-12-12', '47', NULL);
INSERT INTO `profiles` (`user_id`, `gender`, `birthday`, `photo_id`, `hometown`) VALUES ('48', NULL, '2020-10-22', '48', NULL);
INSERT INTO `profiles` (`user_id`, `gender`, `birthday`, `photo_id`, `hometown`) VALUES ('49', NULL, '2020-11-04', '49', NULL);
INSERT INTO `profiles` (`user_id`, `gender`, `birthday`, `photo_id`, `hometown`) VALUES ('50', NULL, '2011-05-22', '50', NULL);
INSERT INTO `profiles` (`user_id`, `gender`, `birthday`, `photo_id`, `hometown`) VALUES ('51', NULL, '1984-05-09', '51', NULL);
INSERT INTO `profiles` (`user_id`, `gender`, `birthday`, `photo_id`, `hometown`) VALUES ('52', NULL, '1987-11-01', '52', NULL);
INSERT INTO `profiles` (`user_id`, `gender`, `birthday`, `photo_id`, `hometown`) VALUES ('53', NULL, '1993-08-19', '53', NULL);
INSERT INTO `profiles` (`user_id`, `gender`, `birthday`, `photo_id`, `hometown`) VALUES ('54', NULL, '1979-03-13', '54', NULL);
INSERT INTO `profiles` (`user_id`, `gender`, `birthday`, `photo_id`, `hometown`) VALUES ('55', NULL, '1994-08-08', '55', NULL);
INSERT INTO `profiles` (`user_id`, `gender`, `birthday`, `photo_id`, `hometown`) VALUES ('56', NULL, '2019-07-24', '56', NULL);
INSERT INTO `profiles` (`user_id`, `gender`, `birthday`, `photo_id`, `hometown`) VALUES ('57', NULL, '2006-07-06', '57', NULL);
INSERT INTO `profiles` (`user_id`, `gender`, `birthday`, `photo_id`, `hometown`) VALUES ('58', NULL, '1974-04-24', '58', NULL);
INSERT INTO `profiles` (`user_id`, `gender`, `birthday`, `photo_id`, `hometown`) VALUES ('59', NULL, '1987-11-25', '59', NULL);
INSERT INTO `profiles` (`user_id`, `gender`, `birthday`, `photo_id`, `hometown`) VALUES ('60', NULL, '1983-04-12', '60', NULL);
INSERT INTO `profiles` (`user_id`, `gender`, `birthday`, `photo_id`, `hometown`) VALUES ('61', NULL, '2007-01-29', '61', NULL);
INSERT INTO `profiles` (`user_id`, `gender`, `birthday`, `photo_id`, `hometown`) VALUES ('62', NULL, '1973-12-19', '62', NULL);
INSERT INTO `profiles` (`user_id`, `gender`, `birthday`, `photo_id`, `hometown`) VALUES ('63', NULL, '1975-06-10', '63', NULL);
INSERT INTO `profiles` (`user_id`, `gender`, `birthday`, `photo_id`, `hometown`) VALUES ('64', NULL, '1998-07-09', '64', NULL);
INSERT INTO `profiles` (`user_id`, `gender`, `birthday`, `photo_id`, `hometown`) VALUES ('65', NULL, '1989-04-03', '65', NULL);
INSERT INTO `profiles` (`user_id`, `gender`, `birthday`, `photo_id`, `hometown`) VALUES ('66', NULL, '1994-10-18', '66', NULL);
INSERT INTO `profiles` (`user_id`, `gender`, `birthday`, `photo_id`, `hometown`) VALUES ('67', NULL, '1975-01-13', '67', NULL);
INSERT INTO `profiles` (`user_id`, `gender`, `birthday`, `photo_id`, `hometown`) VALUES ('68', NULL, '2008-09-03', '68', NULL);
INSERT INTO `profiles` (`user_id`, `gender`, `birthday`, `photo_id`, `hometown`) VALUES ('69', NULL, '2003-01-14', '69', NULL);
INSERT INTO `profiles` (`user_id`, `gender`, `birthday`, `photo_id`, `hometown`) VALUES ('70', NULL, '1985-12-05', '70', NULL);
INSERT INTO `profiles` (`user_id`, `gender`, `birthday`, `photo_id`, `hometown`) VALUES ('71', NULL, '2010-06-10', '71', NULL);
INSERT INTO `profiles` (`user_id`, `gender`, `birthday`, `photo_id`, `hometown`) VALUES ('72', NULL, '1998-09-01', '72', NULL);
INSERT INTO `profiles` (`user_id`, `gender`, `birthday`, `photo_id`, `hometown`) VALUES ('73', NULL, '1991-02-01', '73', NULL);
INSERT INTO `profiles` (`user_id`, `gender`, `birthday`, `photo_id`, `hometown`) VALUES ('74', NULL, '1992-10-16', '74', NULL);
INSERT INTO `profiles` (`user_id`, `gender`, `birthday`, `photo_id`, `hometown`) VALUES ('75', NULL, '1981-02-25', '75', NULL);
INSERT INTO `profiles` (`user_id`, `gender`, `birthday`, `photo_id`, `hometown`) VALUES ('76', NULL, '2004-01-24', '76', NULL);
INSERT INTO `profiles` (`user_id`, `gender`, `birthday`, `photo_id`, `hometown`) VALUES ('77', NULL, '1993-08-19', '77', NULL);
INSERT INTO `profiles` (`user_id`, `gender`, `birthday`, `photo_id`, `hometown`) VALUES ('78', NULL, '1973-12-16', '78', NULL);
INSERT INTO `profiles` (`user_id`, `gender`, `birthday`, `photo_id`, `hometown`) VALUES ('79', NULL, '2002-10-06', '79', NULL);
INSERT INTO `profiles` (`user_id`, `gender`, `birthday`, `photo_id`, `hometown`) VALUES ('80', NULL, '2003-05-23', '80', NULL);
INSERT INTO `profiles` (`user_id`, `gender`, `birthday`, `photo_id`, `hometown`) VALUES ('81', NULL, '2020-05-25', '81', NULL);
INSERT INTO `profiles` (`user_id`, `gender`, `birthday`, `photo_id`, `hometown`) VALUES ('82', NULL, '1985-06-22', '82', NULL);
INSERT INTO `profiles` (`user_id`, `gender`, `birthday`, `photo_id`, `hometown`) VALUES ('83', NULL, '1982-04-10', '83', NULL);
INSERT INTO `profiles` (`user_id`, `gender`, `birthday`, `photo_id`, `hometown`) VALUES ('84', NULL, '1970-02-05', '84', NULL);
INSERT INTO `profiles` (`user_id`, `gender`, `birthday`, `photo_id`, `hometown`) VALUES ('85', NULL, '1981-09-26', '85', NULL);
INSERT INTO `profiles` (`user_id`, `gender`, `birthday`, `photo_id`, `hometown`) VALUES ('86', NULL, '1998-03-30', '86', NULL);
INSERT INTO `profiles` (`user_id`, `gender`, `birthday`, `photo_id`, `hometown`) VALUES ('87', NULL, '2009-10-16', '87', NULL);
INSERT INTO `profiles` (`user_id`, `gender`, `birthday`, `photo_id`, `hometown`) VALUES ('88', NULL, '2008-01-15', '88', NULL);
INSERT INTO `profiles` (`user_id`, `gender`, `birthday`, `photo_id`, `hometown`) VALUES ('89', NULL, '1991-08-15', '89', NULL);
INSERT INTO `profiles` (`user_id`, `gender`, `birthday`, `photo_id`, `hometown`) VALUES ('90', NULL, '1976-01-03', '90', NULL);
INSERT INTO `profiles` (`user_id`, `gender`, `birthday`, `photo_id`, `hometown`) VALUES ('91', NULL, '1986-12-18', '91', NULL);
INSERT INTO `profiles` (`user_id`, `gender`, `birthday`, `photo_id`, `hometown`) VALUES ('92', NULL, '2001-09-24', '92', NULL);
INSERT INTO `profiles` (`user_id`, `gender`, `birthday`, `photo_id`, `hometown`) VALUES ('93', NULL, '1999-10-11', '93', NULL);
INSERT INTO `profiles` (`user_id`, `gender`, `birthday`, `photo_id`, `hometown`) VALUES ('94', NULL, '1984-09-24', '94', NULL);
INSERT INTO `profiles` (`user_id`, `gender`, `birthday`, `photo_id`, `hometown`) VALUES ('95', NULL, '2015-06-29', '95', NULL);
INSERT INTO `profiles` (`user_id`, `gender`, `birthday`, `photo_id`, `hometown`) VALUES ('96', NULL, '1990-11-12', '96', NULL);
INSERT INTO `profiles` (`user_id`, `gender`, `birthday`, `photo_id`, `hometown`) VALUES ('97', NULL, '1990-07-20', '97', NULL);
INSERT INTO `profiles` (`user_id`, `gender`, `birthday`, `photo_id`, `hometown`) VALUES ('98', NULL, '2007-06-22', '98', NULL);
INSERT INTO `profiles` (`user_id`, `gender`, `birthday`, `photo_id`, `hometown`) VALUES ('99', NULL, '1982-05-25', '99', NULL);
INSERT INTO `profiles` (`user_id`, `gender`, `birthday`, `photo_id`, `hometown`) VALUES ('100', NULL, '2005-04-03', '100', NULL);

INSERT INTO `communities` (`id`, `name`, `description`, `admin_id`) VALUES ('1', 'sit', 'A perspiciatis velit aut illo quasi delectus ut. Aut tempora officiis optio temporibus et ut. Numquam molestias consectetur aut non qui quos.', '1');
INSERT INTO `communities` (`id`, `name`, `description`, `admin_id`) VALUES ('2', 'sit', 'Dolore nesciunt corporis incidunt adipisci quo occaecati est. Omnis dolor sunt quo tenetur vel modi. Id amet hic minima sunt ipsa consequatur autem. Non accusantium in repellendus voluptas quae qui illo.', '2');
INSERT INTO `communities` (`id`, `name`, `description`, `admin_id`) VALUES ('3', 'ut', 'Nihil natus inventore enim officia dolorum. Et qui tenetur architecto. Architecto ut impedit dolores molestiae molestias tempora et. Porro libero repellat iste in.', '3');
INSERT INTO `communities` (`id`, `name`, `description`, `admin_id`) VALUES ('4', 'mollitia', 'Temporibus perspiciatis quos nihil ducimus. Quia est sit magnam unde et dolorem. Quia non nemo quibusdam rerum iusto quasi non. Aut animi quaerat fuga nobis omnis.', '4');
INSERT INTO `communities` (`id`, `name`, `description`, `admin_id`) VALUES ('5', 'quibusdam', 'Omnis delectus labore quis. Praesentium dolores dicta vero ipsa dolor est rerum. Dolore tempore possimus accusamus in est natus. Laboriosam nihil quo ipsum id nihil quo.', '5');
INSERT INTO `communities` (`id`, `name`, `description`, `admin_id`) VALUES ('6', 'et', 'Ut ducimus magni omnis et corrupti. Sed vitae est dolores iusto et distinctio quia.', '6');
INSERT INTO `communities` (`id`, `name`, `description`, `admin_id`) VALUES ('7', 'minus', 'Voluptas cumque quidem et. Consequuntur sint sit dolore est aut voluptas. Rerum iusto qui quia distinctio sunt suscipit. Minima fugit voluptatem vero.', '7');
INSERT INTO `communities` (`id`, `name`, `description`, `admin_id`) VALUES ('8', 'inventore', 'Aut non aut velit autem. Et sint modi porro id omnis nulla. Temporibus fugit rerum fugit et nisi.', '8');
INSERT INTO `communities` (`id`, `name`, `description`, `admin_id`) VALUES ('9', 'alias', 'Nesciunt voluptatem eius inventore nam id enim. Repudiandae voluptatem dolor dolor est itaque aliquid consectetur ad. Culpa et quam voluptatem qui. Corporis libero eveniet quas optio numquam id voluptatem.', '9');
INSERT INTO `communities` (`id`, `name`, `description`, `admin_id`) VALUES ('10', 'sapiente', 'Soluta aut animi ut iste neque omnis. Qui cupiditate expedita laudantium deleniti aperiam ut. Voluptates magni rerum dolores assumenda doloremque. Et perspiciatis rerum mollitia et culpa quidem.', '10');
INSERT INTO `communities` (`id`, `name`, `description`, `admin_id`) VALUES ('11', 'natus', 'Eaque eveniet asperiores vitae voluptatem aut nobis ut. Quod fuga quidem aliquam enim repellendus. Praesentium saepe libero repudiandae voluptas mollitia ea dolorem.', '11');
INSERT INTO `communities` (`id`, `name`, `description`, `admin_id`) VALUES ('12', 'ratione', 'Consequatur consectetur et mollitia iste et nostrum. Asperiores modi est aut quia voluptas sed quia numquam. Fugit debitis soluta eum et recusandae temporibus quae.', '12');
INSERT INTO `communities` (`id`, `name`, `description`, `admin_id`) VALUES ('13', 'eum', 'Possimus ex perferendis voluptates. Esse aut error explicabo perspiciatis quasi molestiae vel. Dolor et eius eius doloribus.', '13');
INSERT INTO `communities` (`id`, `name`, `description`, `admin_id`) VALUES ('14', 'quo', 'Corrupti itaque quia assumenda. Quae voluptas itaque est corrupti hic sed. Non aut assumenda nihil ex illum minus voluptatem ut.', '14');
INSERT INTO `communities` (`id`, `name`, `description`, `admin_id`) VALUES ('15', 'ullam', 'Aut eos consequatur voluptatem qui nisi dolorem omnis. Aliquam saepe ut dolorem qui quis vitae. Quo commodi vitae facilis.', '15');
INSERT INTO `communities` (`id`, `name`, `description`, `admin_id`) VALUES ('16', 'placeat', 'Sapiente doloribus occaecati sed quis quos illum natus. Vero suscipit dicta nesciunt optio autem voluptatum quia. Ut architecto impedit in accusamus voluptatibus.', '16');
INSERT INTO `communities` (`id`, `name`, `description`, `admin_id`) VALUES ('17', 'eligendi', 'Amet in id eligendi non. Dolor quod ipsa velit beatae minima repellendus voluptates. Laudantium non maiores officia dolore nihil vitae.', '17');
INSERT INTO `communities` (`id`, `name`, `description`, `admin_id`) VALUES ('18', 'vel', 'Velit non dolor iusto magnam. Explicabo accusantium amet sed. Rerum laborum eius ipsum a beatae quisquam.', '18');
INSERT INTO `communities` (`id`, `name`, `description`, `admin_id`) VALUES ('19', 'quidem', 'Aut aut consequatur animi esse molestiae dolorem expedita. Recusandae qui fugiat nam animi. Totam iure ducimus deserunt. Occaecati facilis vitae sed maxime facilis ut ut.', '19');
INSERT INTO `communities` (`id`, `name`, `description`, `admin_id`) VALUES ('20', 'itaque', 'Maiores ut magni incidunt dolores et. Tenetur aliquid odit fuga ex modi consequatur odit vero. Magnam neque dolorum alias saepe sit quo accusantium. Incidunt aut accusamus officia.', '20');
INSERT INTO `communities` (`id`, `name`, `description`, `admin_id`) VALUES ('21', 'quo', 'Tempore nostrum libero assumenda nobis sequi. Quae voluptatibus nobis ea optio ipsam in adipisci. Voluptatem possimus excepturi doloribus assumenda sapiente mollitia atque. Eum illo molestiae sapiente excepturi.', '21');
INSERT INTO `communities` (`id`, `name`, `description`, `admin_id`) VALUES ('22', 'voluptatem', 'Voluptatem et eaque ullam voluptatem rem dolorum reprehenderit. Iusto necessitatibus vitae ut sint magnam minus.', '22');
INSERT INTO `communities` (`id`, `name`, `description`, `admin_id`) VALUES ('23', 'et', 'Qui laboriosam cumque ea alias. Assumenda qui ad ea ut consequuntur nobis a. Est porro architecto quia ea vero et voluptatem.', '23');
INSERT INTO `communities` (`id`, `name`, `description`, `admin_id`) VALUES ('24', 'accusantium', 'Vel expedita occaecati pariatur repudiandae consequatur quo molestiae magnam. Pariatur quos ut unde perferendis. Sit facilis voluptatem fugiat.', '24');
INSERT INTO `communities` (`id`, `name`, `description`, `admin_id`) VALUES ('25', 'odio', 'Dolorem ut quia voluptatibus reiciendis. Quia consequatur quia eligendi impedit qui nihil. Perferendis ut inventore quas ut. Iure et iste est in amet voluptas.', '25');
INSERT INTO `communities` (`id`, `name`, `description`, `admin_id`) VALUES ('26', 'qui', 'Sunt ullam dolor sint enim quia facere excepturi. Et odit est aut odio eligendi dicta. Et eum velit rerum impedit quod cum.', '26');
INSERT INTO `communities` (`id`, `name`, `description`, `admin_id`) VALUES ('27', 'porro', 'Dolorem eveniet in modi recusandae. Quibusdam dolor voluptas aspernatur ipsam omnis veniam eum.', '27');
INSERT INTO `communities` (`id`, `name`, `description`, `admin_id`) VALUES ('28', 'magnam', 'Et voluptatibus ipsa enim labore. Molestiae et explicabo quo explicabo. Provident optio et repellat ad eius officia.', '28');
INSERT INTO `communities` (`id`, `name`, `description`, `admin_id`) VALUES ('29', 'neque', 'Et quia in aspernatur voluptas et neque. Quia itaque blanditiis aut est. Molestiae quia molestias iure aut veritatis odit repudiandae. Reprehenderit quae ex consequatur iusto expedita odio natus iste.', '29');
INSERT INTO `communities` (`id`, `name`, `description`, `admin_id`) VALUES ('30', 'minima', 'Quas quos facilis unde optio. Modi voluptas vel consequuntur eaque velit. Quos qui error explicabo ab aut et velit. Et labore omnis nostrum repudiandae. Rerum corporis ex voluptas tempora qui.', '30');
INSERT INTO `communities` (`id`, `name`, `description`, `admin_id`) VALUES ('31', 'qui', 'Optio aperiam sit nulla veritatis sapiente atque. Est eaque ullam illo nesciunt consequuntur ut. Repellat earum exercitationem voluptates veniam enim non repellat. Voluptate laboriosam sed dignissimos ad necessitatibus occaecati.', '31');
INSERT INTO `communities` (`id`, `name`, `description`, `admin_id`) VALUES ('32', 'pariatur', 'Quas omnis neque veritatis cupiditate reprehenderit dolorem ut. Sit alias optio assumenda et. Ut nostrum cum at velit sit ipsum officia deleniti.', '32');
INSERT INTO `communities` (`id`, `name`, `description`, `admin_id`) VALUES ('33', 'eos', 'Ut odit ut est cum ea nisi. Voluptate sint praesentium reiciendis quae saepe beatae. Aut saepe eos beatae ut.', '33');
INSERT INTO `communities` (`id`, `name`, `description`, `admin_id`) VALUES ('34', 'qui', 'Maxime nihil vitae dolores nesciunt. Vitae et voluptatem voluptatibus. Eligendi quis qui praesentium molestiae ullam.', '34');
INSERT INTO `communities` (`id`, `name`, `description`, `admin_id`) VALUES ('35', 'rerum', 'Explicabo cupiditate facilis qui magni. Officiis repellat nemo ipsam minus et. Illo est dolorum deleniti facilis eveniet et est. Quos architecto temporibus sapiente provident sit placeat.', '35');
INSERT INTO `communities` (`id`, `name`, `description`, `admin_id`) VALUES ('36', 'consequatur', 'Omnis qui officiis alias saepe. Et neque sequi adipisci placeat explicabo voluptate omnis laboriosam. Aut qui ea architecto blanditiis accusamus qui nemo.', '36');
INSERT INTO `communities` (`id`, `name`, `description`, `admin_id`) VALUES ('37', 'nostrum', 'Quo illo dolorem quia saepe id est ut autem. Et possimus sapiente temporibus numquam. Quo iusto ex voluptate.', '37');
INSERT INTO `communities` (`id`, `name`, `description`, `admin_id`) VALUES ('38', 'aut', 'Dolorem tempora assumenda reprehenderit consequuntur eius labore qui. Tenetur officiis ea quas consequuntur. Id quisquam voluptatem repudiandae saepe culpa et. Adipisci iure sunt perspiciatis ut pariatur magni eius.', '38');
INSERT INTO `communities` (`id`, `name`, `description`, `admin_id`) VALUES ('39', 'est', 'Veritatis sequi rerum perspiciatis officia. Velit labore nulla id. Ut quia ut porro voluptates reprehenderit qui. Doloremque reprehenderit assumenda hic officiis.', '39');
INSERT INTO `communities` (`id`, `name`, `description`, `admin_id`) VALUES ('40', 'assumenda', 'Nulla maiores qui reiciendis rerum ut incidunt. Vel aperiam dolores a et eligendi vero et. Id consequuntur est quia nam est officia magni.', '40');
INSERT INTO `communities` (`id`, `name`, `description`, `admin_id`) VALUES ('41', 'asperiores', 'Enim et earum sed asperiores delectus a. Molestiae tempora dolorem dolorum id quam qui est. Odio eius minus ducimus distinctio cumque. Laborum sit eum reiciendis iure ad.', '41');
INSERT INTO `communities` (`id`, `name`, `description`, `admin_id`) VALUES ('42', 'facilis', 'Quam alias fugiat veritatis placeat labore neque autem. Et minus dolorem voluptates harum. Ut in atque quasi laboriosam animi.', '42');
INSERT INTO `communities` (`id`, `name`, `description`, `admin_id`) VALUES ('43', 'explicabo', 'Saepe ipsam quia enim amet sed. Doloremque est nisi eveniet qui non a. Ut vel rerum aliquid et.', '43');
INSERT INTO `communities` (`id`, `name`, `description`, `admin_id`) VALUES ('44', 'ut', 'Quibusdam non libero et dolore autem. Voluptas eligendi accusamus laboriosam. Vitae rerum velit officia repellat velit. Labore odio et voluptatem et dignissimos dolore eum.', '44');
INSERT INTO `communities` (`id`, `name`, `description`, `admin_id`) VALUES ('45', 'voluptatem', 'Perferendis consequatur maiores aliquid a. In maiores dolorum cupiditate velit voluptas. Error veniam qui ut. Et tenetur voluptas accusantium tenetur eos perspiciatis sed.', '45');
INSERT INTO `communities` (`id`, `name`, `description`, `admin_id`) VALUES ('46', 'sint', 'Est aliquid possimus unde pariatur. Libero porro assumenda facilis asperiores.', '46');
INSERT INTO `communities` (`id`, `name`, `description`, `admin_id`) VALUES ('47', 'sint', 'Dolore assumenda error saepe illum et quos fugit. Repudiandae nostrum sed et. Id nulla ut qui occaecati explicabo optio voluptatem.', '47');
INSERT INTO `communities` (`id`, `name`, `description`, `admin_id`) VALUES ('48', 'voluptatem', 'Voluptas assumenda necessitatibus maiores nihil deleniti sed. Odit sit accusamus quasi. Ab earum consequatur dicta. Numquam ut recusandae recusandae sequi. Consequuntur eius facere earum.', '48');
INSERT INTO `communities` (`id`, `name`, `description`, `admin_id`) VALUES ('49', 'sint', 'Aut vel est saepe. Omnis minima sit sit maiores vitae. Vero et facere tempora ea temporibus. Quis aliquid sit optio natus velit.', '49');
INSERT INTO `communities` (`id`, `name`, `description`, `admin_id`) VALUES ('50', 'quos', 'Quis voluptatum natus impedit error nemo est. Officia dolor dolores voluptatibus tempora molestiae fugit. Deserunt laboriosam natus et impedit beatae. Laborum ut soluta consequuntur possimus ex dolor.', '50');
INSERT INTO `communities` (`id`, `name`, `description`, `admin_id`) VALUES ('51', 'et', 'Delectus ut aspernatur doloremque facilis. Et earum quam error et laudantium voluptates similique aliquid. Quis aut sed nisi nam quod dolor velit qui. Cumque maiores illo voluptatem distinctio esse tempora.', '51');
INSERT INTO `communities` (`id`, `name`, `description`, `admin_id`) VALUES ('52', 'error', 'Odio et molestiae et vero. Quam ea omnis delectus voluptas sapiente eligendi neque. Quis ullam tempora hic officia assumenda iure et.', '52');
INSERT INTO `communities` (`id`, `name`, `description`, `admin_id`) VALUES ('53', 'ipsam', 'Dolor voluptas illum animi qui rerum. Quos consequatur qui nam sit molestiae. Sed quia harum itaque veniam maxime et sed. Voluptates quo officiis suscipit omnis id odio.', '53');
INSERT INTO `communities` (`id`, `name`, `description`, `admin_id`) VALUES ('54', 'consequatur', 'Ut ab ratione ullam. Dolorem similique commodi assumenda magnam quis. Tempore incidunt minus possimus laudantium aliquam et. Dolor possimus soluta sequi hic sit animi. Ut cupiditate nihil consectetur tempore.', '54');
INSERT INTO `communities` (`id`, `name`, `description`, `admin_id`) VALUES ('55', 'voluptatem', 'Nulla ea ex est laboriosam quas sint in. Molestiae qui fugit animi eos sed est. Porro itaque ad voluptas soluta.', '55');
INSERT INTO `communities` (`id`, `name`, `description`, `admin_id`) VALUES ('56', 'molestiae', 'Culpa vitae neque mollitia similique id. Vel officiis quidem quam omnis. Asperiores voluptatem tenetur aut ut earum.', '56');
INSERT INTO `communities` (`id`, `name`, `description`, `admin_id`) VALUES ('57', 'necessitatibus', 'Quod asperiores saepe earum provident velit. Sequi repudiandae dignissimos et corrupti beatae porro non. Fugiat ad distinctio voluptas ea esse. Dignissimos corrupti ut sequi voluptatem.', '57');
INSERT INTO `communities` (`id`, `name`, `description`, `admin_id`) VALUES ('58', 'aliquam', 'Delectus consequatur magnam repellat et vel. Minus quae quas quisquam optio aut voluptatem omnis. Quibusdam nesciunt dolores fugit cupiditate. Non tempora consequatur debitis facere unde.', '58');
INSERT INTO `communities` (`id`, `name`, `description`, `admin_id`) VALUES ('59', 'quasi', 'Id et architecto sit aut et et dolores. Aspernatur et distinctio non minus aut voluptatem dolores. Atque distinctio voluptatum cum neque quia. Fugit consequuntur optio temporibus.', '59');
INSERT INTO `communities` (`id`, `name`, `description`, `admin_id`) VALUES ('60', 'modi', 'Quisquam repellendus deserunt hic corrupti magni. Autem praesentium totam est harum qui. Consequatur facere id nemo temporibus accusantium beatae.', '60');
INSERT INTO `communities` (`id`, `name`, `description`, `admin_id`) VALUES ('61', 'quo', 'Laboriosam nesciunt ratione reiciendis voluptatem. Sit voluptatem ad dicta repellendus. Voluptatem nulla esse hic non at ut corporis. In est sequi fugiat.', '61');
INSERT INTO `communities` (`id`, `name`, `description`, `admin_id`) VALUES ('62', 'nesciunt', 'Molestiae quae et cupiditate sit. Aperiam qui odio possimus perspiciatis. Provident eius molestiae ut. Voluptates libero earum repellat itaque sit.', '62');
INSERT INTO `communities` (`id`, `name`, `description`, `admin_id`) VALUES ('63', 'debitis', 'Eos voluptas ea et. Minus placeat laudantium mollitia. Et dolore possimus iste qui doloribus. Aut error placeat sunt adipisci.', '63');
INSERT INTO `communities` (`id`, `name`, `description`, `admin_id`) VALUES ('64', 'praesentium', 'Et animi ut nemo eos. Est aut soluta adipisci repellat. In fuga iusto quo repudiandae quia voluptatem.', '64');
INSERT INTO `communities` (`id`, `name`, `description`, `admin_id`) VALUES ('65', 'facere', 'Optio error deserunt quasi rem deserunt nemo sapiente. Velit dolores optio perferendis et exercitationem eum fugiat. Dolorem debitis omnis ab magnam officiis aut aliquid. Perspiciatis ut quia consequatur accusantium pariatur.', '65');
INSERT INTO `communities` (`id`, `name`, `description`, `admin_id`) VALUES ('66', 'quos', 'Fuga hic corrupti ut asperiores error fugiat quia. Corrupti sed error aut amet excepturi. Et at quia consequuntur.', '66');
INSERT INTO `communities` (`id`, `name`, `description`, `admin_id`) VALUES ('67', 'rerum', 'Ut modi maiores est sapiente. Aut ducimus aut exercitationem qui amet voluptas eos. Aliquam ullam accusantium aut tempora aperiam qui officiis. Aut omnis dolore ut tempora fuga.', '67');
INSERT INTO `communities` (`id`, `name`, `description`, `admin_id`) VALUES ('68', 'vel', 'Est est reiciendis ut fugit voluptates. Sed ipsa animi sed molestiae molestias. In quia deleniti ab id. Similique qui ullam laboriosam aliquam.', '68');
INSERT INTO `communities` (`id`, `name`, `description`, `admin_id`) VALUES ('69', 'est', 'Sit qui omnis dicta rerum enim quam. Repudiandae molestias fugiat dolorem veniam voluptatibus. Et eaque et mollitia et asperiores recusandae voluptas.', '69');
INSERT INTO `communities` (`id`, `name`, `description`, `admin_id`) VALUES ('70', 'facilis', 'Id dolore beatae voluptas fugiat ea qui aspernatur. Illo sint et voluptatum in at. Quas sit quia error sunt fugiat commodi expedita. Minus aut repellat nobis molestiae fuga ullam. Molestias nemo facere corporis sapiente recusandae esse laborum.', '70');
INSERT INTO `communities` (`id`, `name`, `description`, `admin_id`) VALUES ('71', 'quaerat', 'Dicta rerum temporibus autem rerum. Dolores odio est laboriosam. Aut quos quia in quod ea aut a.', '71');
INSERT INTO `communities` (`id`, `name`, `description`, `admin_id`) VALUES ('72', 'quasi', 'Ab dolore modi consectetur voluptatum amet. Odit dolorem vero omnis. Quaerat voluptatem alias omnis nesciunt magni.', '72');
INSERT INTO `communities` (`id`, `name`, `description`, `admin_id`) VALUES ('73', 'autem', 'Aut aut ipsa nam rerum dolorum neque debitis reprehenderit. Qui reprehenderit quia ipsa sunt non sit officia aperiam. Numquam numquam commodi repudiandae doloribus ut voluptatem.', '73');
INSERT INTO `communities` (`id`, `name`, `description`, `admin_id`) VALUES ('74', 'cum', 'Placeat dolorem sed voluptas est molestias doloribus. Amet consequuntur fugit ut doloremque nihil. Maxime omnis harum sint est voluptates ratione.', '74');
INSERT INTO `communities` (`id`, `name`, `description`, `admin_id`) VALUES ('75', 'sunt', 'Amet dolorem ut rerum veritatis. Assumenda eos reiciendis atque aut cumque quia et ratione. Quod in fuga dolorem odit ipsam nihil sint.', '75');
INSERT INTO `communities` (`id`, `name`, `description`, `admin_id`) VALUES ('76', 'sed', 'Inventore laboriosam accusamus vitae quos id ipsam quod et. Et ratione amet est dolores iusto ex nam. Asperiores aut possimus et ducimus nam et odit deleniti. Nulla expedita aut vel.', '76');
INSERT INTO `communities` (`id`, `name`, `description`, `admin_id`) VALUES ('77', 'inventore', 'Minima repellat error non labore provident mollitia. Ratione non quibusdam consectetur dolorem nam. Quam molestiae neque ullam recusandae qui placeat ut. Ut non qui dolorem quos in.', '77');
INSERT INTO `communities` (`id`, `name`, `description`, `admin_id`) VALUES ('78', 'sed', 'Odio placeat adipisci cum quod ut quis est. Aperiam quisquam dolores delectus. Enim debitis provident non repellendus rerum ut. Enim qui eum et dignissimos odio similique.', '78');
INSERT INTO `communities` (`id`, `name`, `description`, `admin_id`) VALUES ('79', 'voluptatem', 'Consequuntur culpa non atque. Quasi dolor commodi animi nemo hic voluptates error. Doloremque ad aspernatur quae molestiae eveniet delectus. Ut quaerat consequatur non. Ut occaecati unde rerum quia.', '79');
INSERT INTO `communities` (`id`, `name`, `description`, `admin_id`) VALUES ('80', 'natus', 'Et illo blanditiis ea veritatis quia. Exercitationem autem voluptatem laboriosam rerum perferendis dolores quas. Nesciunt perspiciatis beatae tempora repudiandae odio unde aut. Sit nisi quidem laborum vel architecto.', '80');
INSERT INTO `communities` (`id`, `name`, `description`, `admin_id`) VALUES ('81', 'molestiae', 'Doloremque aut eius iste delectus error. Sint nihil suscipit est ducimus. Suscipit architecto beatae nam dolor voluptas vel illo. Eaque rerum omnis ullam et.', '81');
INSERT INTO `communities` (`id`, `name`, `description`, `admin_id`) VALUES ('82', 'nisi', 'Doloribus consequatur odit occaecati nihil consequatur occaecati asperiores. Repellendus veniam reiciendis mollitia. Odio illo maiores eos deleniti.', '82');
INSERT INTO `communities` (`id`, `name`, `description`, `admin_id`) VALUES ('83', 'non', 'Minus iure maxime soluta excepturi dolore veritatis omnis. Exercitationem dolor et temporibus alias nostrum neque dolorem. Qui accusamus omnis consectetur aut sit.', '83');
INSERT INTO `communities` (`id`, `name`, `description`, `admin_id`) VALUES ('84', 'cum', 'Iure ut vel tempore qui. Eveniet consequatur distinctio possimus sunt quis ipsa. Iure nostrum vel a quidem fugit. Fugiat id rerum odit deserunt.', '84');
INSERT INTO `communities` (`id`, `name`, `description`, `admin_id`) VALUES ('85', 'ut', 'Tempore eum sint nihil quaerat eligendi expedita. Omnis odio id quis quas. Sapiente et earum quis.', '85');
INSERT INTO `communities` (`id`, `name`, `description`, `admin_id`) VALUES ('86', 'mollitia', 'Molestias dolor qui ut est. Sint accusantium officia corrupti aut aut ipsa ea. Eaque aliquid voluptates dolorem perspiciatis et rerum.', '86');
INSERT INTO `communities` (`id`, `name`, `description`, `admin_id`) VALUES ('87', 'mollitia', 'Corporis dolores delectus incidunt et dolore. Sint corrupti consequuntur iure tempore. Explicabo nihil sint eius sed exercitationem. At ut doloremque beatae facere at rerum qui eligendi.', '87');
INSERT INTO `communities` (`id`, `name`, `description`, `admin_id`) VALUES ('88', 'beatae', 'Tempore quia quam sed non sed reiciendis. Possimus doloremque dolore rerum similique sunt molestiae aut. Alias voluptatibus nisi laudantium perspiciatis facere quam illum.', '88');
INSERT INTO `communities` (`id`, `name`, `description`, `admin_id`) VALUES ('89', 'eaque', 'Sit vero veritatis aliquam fuga. Quo beatae similique ex velit et. Labore laboriosam nihil libero cumque voluptate.', '89');
INSERT INTO `communities` (`id`, `name`, `description`, `admin_id`) VALUES ('90', 'qui', 'Suscipit et sed qui corporis excepturi rerum. Dolorum quas et et possimus adipisci distinctio.', '90');
INSERT INTO `communities` (`id`, `name`, `description`, `admin_id`) VALUES ('91', 'dolores', 'Qui similique voluptatibus provident consequuntur sequi et. Hic quisquam ea aut aperiam nam qui. Dolore cupiditate eos facilis. Sed suscipit quia architecto eius.', '91');
INSERT INTO `communities` (`id`, `name`, `description`, `admin_id`) VALUES ('92', 'consectetur', 'Perferendis saepe non omnis fugit. Accusantium ratione tempora veritatis tempora aliquid deserunt et alias. Velit eum eos provident totam.', '92');
INSERT INTO `communities` (`id`, `name`, `description`, `admin_id`) VALUES ('93', 'tempora', 'Temporibus non corporis aut nostrum. Voluptate ea aperiam cupiditate aut nesciunt. Quae quisquam ratione corporis accusamus.', '93');
INSERT INTO `communities` (`id`, `name`, `description`, `admin_id`) VALUES ('94', 'facere', 'Aut rerum mollitia nam eos recusandae veniam harum. Voluptatibus nobis beatae quibusdam ipsa voluptates. Ullam quia eos consequatur fugiat dolores molestiae voluptas.', '94');
INSERT INTO `communities` (`id`, `name`, `description`, `admin_id`) VALUES ('95', 'quia', 'Quia atque quisquam in voluptas. Et cumque est quibusdam perferendis. Eum similique nesciunt qui aut sint.', '95');
INSERT INTO `communities` (`id`, `name`, `description`, `admin_id`) VALUES ('96', 'ex', 'Ratione fugiat est odio minima. Dignissimos amet vel debitis aut sunt. Aut nulla perferendis deserunt sequi minus voluptatem tempore. Itaque quibusdam saepe nihil minus sint est.', '96');
INSERT INTO `communities` (`id`, `name`, `description`, `admin_id`) VALUES ('97', 'odio', 'Unde quisquam est doloribus molestias. Et porro distinctio quia. Saepe ut asperiores ut deleniti porro qui dolor a. Nesciunt et maiores ducimus quis.', '97');
INSERT INTO `communities` (`id`, `name`, `description`, `admin_id`) VALUES ('98', 'vero', 'Omnis voluptatem autem in inventore pariatur officiis ut. Eos iure deleniti at velit. Eos praesentium incidunt et quod animi id.', '98');
INSERT INTO `communities` (`id`, `name`, `description`, `admin_id`) VALUES ('99', 'eaque', 'Voluptatum aspernatur ea eos blanditiis perspiciatis. Quisquam commodi temporibus explicabo et voluptatem. Ut sequi sint possimus aliquam est debitis officiis. Voluptatem id repellat impedit blanditiis cumque.', '99');
INSERT INTO `communities` (`id`, `name`, `description`, `admin_id`) VALUES ('100', 'pariatur', 'Inventore expedita eligendi quas quaerat. Quis et delectus earum harum omnis et. Dolorem dolorum vitae rem magnam voluptas.', '100');

INSERT INTO `communities_users` (`community_id`, `user_id`, `created_at`) VALUES ('1', '1', '1970-05-02 19:15:50');
INSERT INTO `communities_users` (`community_id`, `user_id`, `created_at`) VALUES ('2', '2', '2007-03-20 06:48:11');
INSERT INTO `communities_users` (`community_id`, `user_id`, `created_at`) VALUES ('3', '3', '1994-11-21 12:30:02');
INSERT INTO `communities_users` (`community_id`, `user_id`, `created_at`) VALUES ('4', '4', '1980-10-01 19:05:40');
INSERT INTO `communities_users` (`community_id`, `user_id`, `created_at`) VALUES ('5', '5', '1992-07-05 15:14:08');
INSERT INTO `communities_users` (`community_id`, `user_id`, `created_at`) VALUES ('6', '6', '1979-03-01 09:15:38');
INSERT INTO `communities_users` (`community_id`, `user_id`, `created_at`) VALUES ('7', '7', '2021-07-08 21:58:07');
INSERT INTO `communities_users` (`community_id`, `user_id`, `created_at`) VALUES ('8', '8', '2011-05-20 21:08:00');
INSERT INTO `communities_users` (`community_id`, `user_id`, `created_at`) VALUES ('9', '9', '2020-01-10 06:40:33');
INSERT INTO `communities_users` (`community_id`, `user_id`, `created_at`) VALUES ('10', '10', '2000-06-06 14:12:33');
INSERT INTO `communities_users` (`community_id`, `user_id`, `created_at`) VALUES ('11', '11', '2004-11-25 13:04:25');
INSERT INTO `communities_users` (`community_id`, `user_id`, `created_at`) VALUES ('12', '12', '2010-12-29 00:27:03');
INSERT INTO `communities_users` (`community_id`, `user_id`, `created_at`) VALUES ('13', '13', '1996-02-25 22:57:46');
INSERT INTO `communities_users` (`community_id`, `user_id`, `created_at`) VALUES ('14', '14', '1976-01-01 05:33:18');
INSERT INTO `communities_users` (`community_id`, `user_id`, `created_at`) VALUES ('15', '15', '2015-08-26 18:17:28');
INSERT INTO `communities_users` (`community_id`, `user_id`, `created_at`) VALUES ('16', '16', '2001-12-18 18:32:03');
INSERT INTO `communities_users` (`community_id`, `user_id`, `created_at`) VALUES ('17', '17', '2006-01-28 17:36:28');
INSERT INTO `communities_users` (`community_id`, `user_id`, `created_at`) VALUES ('18', '18', '1989-04-06 08:28:56');
INSERT INTO `communities_users` (`community_id`, `user_id`, `created_at`) VALUES ('19', '19', '1997-01-08 12:45:36');
INSERT INTO `communities_users` (`community_id`, `user_id`, `created_at`) VALUES ('20', '20', '2016-07-05 20:32:35');
INSERT INTO `communities_users` (`community_id`, `user_id`, `created_at`) VALUES ('21', '21', '1970-11-22 02:06:19');
INSERT INTO `communities_users` (`community_id`, `user_id`, `created_at`) VALUES ('22', '22', '1973-05-15 04:30:12');
INSERT INTO `communities_users` (`community_id`, `user_id`, `created_at`) VALUES ('23', '23', '1976-02-02 16:49:08');
INSERT INTO `communities_users` (`community_id`, `user_id`, `created_at`) VALUES ('24', '24', '1976-04-22 20:37:27');
INSERT INTO `communities_users` (`community_id`, `user_id`, `created_at`) VALUES ('25', '25', '2020-04-27 19:00:28');
INSERT INTO `communities_users` (`community_id`, `user_id`, `created_at`) VALUES ('26', '26', '1972-04-11 05:29:06');
INSERT INTO `communities_users` (`community_id`, `user_id`, `created_at`) VALUES ('27', '27', '2007-05-20 05:49:55');
INSERT INTO `communities_users` (`community_id`, `user_id`, `created_at`) VALUES ('28', '28', '2018-01-13 11:28:37');
INSERT INTO `communities_users` (`community_id`, `user_id`, `created_at`) VALUES ('29', '29', '1977-03-12 00:20:55');
INSERT INTO `communities_users` (`community_id`, `user_id`, `created_at`) VALUES ('30', '30', '1992-01-26 10:28:56');
INSERT INTO `communities_users` (`community_id`, `user_id`, `created_at`) VALUES ('31', '31', '2007-05-25 14:09:53');
INSERT INTO `communities_users` (`community_id`, `user_id`, `created_at`) VALUES ('32', '32', '1974-09-06 04:40:05');
INSERT INTO `communities_users` (`community_id`, `user_id`, `created_at`) VALUES ('33', '33', '2019-03-12 18:18:20');
INSERT INTO `communities_users` (`community_id`, `user_id`, `created_at`) VALUES ('34', '34', '1974-03-18 18:56:32');
INSERT INTO `communities_users` (`community_id`, `user_id`, `created_at`) VALUES ('35', '35', '2002-01-03 17:14:31');
INSERT INTO `communities_users` (`community_id`, `user_id`, `created_at`) VALUES ('36', '36', '2015-03-31 11:12:06');
INSERT INTO `communities_users` (`community_id`, `user_id`, `created_at`) VALUES ('37', '37', '2016-02-22 19:40:00');
INSERT INTO `communities_users` (`community_id`, `user_id`, `created_at`) VALUES ('38', '38', '2010-08-10 08:01:58');
INSERT INTO `communities_users` (`community_id`, `user_id`, `created_at`) VALUES ('39', '39', '1975-03-23 06:58:58');
INSERT INTO `communities_users` (`community_id`, `user_id`, `created_at`) VALUES ('40', '40', '1996-10-02 03:01:05');
INSERT INTO `communities_users` (`community_id`, `user_id`, `created_at`) VALUES ('41', '41', '2007-05-01 18:58:54');
INSERT INTO `communities_users` (`community_id`, `user_id`, `created_at`) VALUES ('42', '42', '2015-10-25 01:20:42');
INSERT INTO `communities_users` (`community_id`, `user_id`, `created_at`) VALUES ('43', '43', '1978-02-27 21:29:12');
INSERT INTO `communities_users` (`community_id`, `user_id`, `created_at`) VALUES ('44', '44', '2006-03-15 17:45:40');
INSERT INTO `communities_users` (`community_id`, `user_id`, `created_at`) VALUES ('45', '45', '2012-06-16 09:40:36');
INSERT INTO `communities_users` (`community_id`, `user_id`, `created_at`) VALUES ('46', '46', '1972-01-27 14:12:40');
INSERT INTO `communities_users` (`community_id`, `user_id`, `created_at`) VALUES ('47', '47', '2004-03-30 14:50:02');
INSERT INTO `communities_users` (`community_id`, `user_id`, `created_at`) VALUES ('48', '48', '2019-04-30 03:52:30');
INSERT INTO `communities_users` (`community_id`, `user_id`, `created_at`) VALUES ('49', '49', '1977-05-29 20:58:23');
INSERT INTO `communities_users` (`community_id`, `user_id`, `created_at`) VALUES ('50', '50', '1989-01-15 00:09:43');
INSERT INTO `communities_users` (`community_id`, `user_id`, `created_at`) VALUES ('51', '51', '1978-04-26 19:25:59');
INSERT INTO `communities_users` (`community_id`, `user_id`, `created_at`) VALUES ('52', '52', '2008-01-02 06:00:02');
INSERT INTO `communities_users` (`community_id`, `user_id`, `created_at`) VALUES ('53', '53', '1982-04-27 21:29:27');
INSERT INTO `communities_users` (`community_id`, `user_id`, `created_at`) VALUES ('54', '54', '1972-04-12 09:56:20');
INSERT INTO `communities_users` (`community_id`, `user_id`, `created_at`) VALUES ('55', '55', '1974-06-26 06:14:50');
INSERT INTO `communities_users` (`community_id`, `user_id`, `created_at`) VALUES ('56', '56', '2007-10-10 06:07:20');
INSERT INTO `communities_users` (`community_id`, `user_id`, `created_at`) VALUES ('57', '57', '2012-10-25 21:50:45');
INSERT INTO `communities_users` (`community_id`, `user_id`, `created_at`) VALUES ('58', '58', '1997-09-10 11:58:10');
INSERT INTO `communities_users` (`community_id`, `user_id`, `created_at`) VALUES ('59', '59', '1985-07-05 17:54:33');
INSERT INTO `communities_users` (`community_id`, `user_id`, `created_at`) VALUES ('60', '60', '1999-10-02 22:29:41');
INSERT INTO `communities_users` (`community_id`, `user_id`, `created_at`) VALUES ('61', '61', '2013-03-27 02:53:00');
INSERT INTO `communities_users` (`community_id`, `user_id`, `created_at`) VALUES ('62', '62', '1971-07-30 03:27:29');
INSERT INTO `communities_users` (`community_id`, `user_id`, `created_at`) VALUES ('63', '63', '2019-04-22 04:29:30');
INSERT INTO `communities_users` (`community_id`, `user_id`, `created_at`) VALUES ('64', '64', '1990-04-13 15:03:01');
INSERT INTO `communities_users` (`community_id`, `user_id`, `created_at`) VALUES ('65', '65', '1970-03-01 09:29:36');
INSERT INTO `communities_users` (`community_id`, `user_id`, `created_at`) VALUES ('66', '66', '1985-12-24 00:32:01');
INSERT INTO `communities_users` (`community_id`, `user_id`, `created_at`) VALUES ('67', '67', '1984-11-26 04:07:21');
INSERT INTO `communities_users` (`community_id`, `user_id`, `created_at`) VALUES ('68', '68', '2002-07-16 19:31:18');
INSERT INTO `communities_users` (`community_id`, `user_id`, `created_at`) VALUES ('69', '69', '1985-11-01 22:18:44');
INSERT INTO `communities_users` (`community_id`, `user_id`, `created_at`) VALUES ('70', '70', '1996-03-30 03:04:26');
INSERT INTO `communities_users` (`community_id`, `user_id`, `created_at`) VALUES ('71', '71', '1994-10-15 12:23:08');
INSERT INTO `communities_users` (`community_id`, `user_id`, `created_at`) VALUES ('72', '72', '2004-05-26 13:16:20');
INSERT INTO `communities_users` (`community_id`, `user_id`, `created_at`) VALUES ('73', '73', '2006-07-18 09:41:24');
INSERT INTO `communities_users` (`community_id`, `user_id`, `created_at`) VALUES ('74', '74', '2011-09-17 12:00:03');
INSERT INTO `communities_users` (`community_id`, `user_id`, `created_at`) VALUES ('75', '75', '1987-10-20 02:19:07');
INSERT INTO `communities_users` (`community_id`, `user_id`, `created_at`) VALUES ('76', '76', '1991-10-08 11:17:11');
INSERT INTO `communities_users` (`community_id`, `user_id`, `created_at`) VALUES ('77', '77', '2011-06-08 12:50:29');
INSERT INTO `communities_users` (`community_id`, `user_id`, `created_at`) VALUES ('78', '78', '2014-04-18 12:14:33');
INSERT INTO `communities_users` (`community_id`, `user_id`, `created_at`) VALUES ('79', '79', '2014-09-17 12:11:15');
INSERT INTO `communities_users` (`community_id`, `user_id`, `created_at`) VALUES ('80', '80', '2021-03-18 12:53:02');
INSERT INTO `communities_users` (`community_id`, `user_id`, `created_at`) VALUES ('81', '81', '2004-05-09 06:18:49');
INSERT INTO `communities_users` (`community_id`, `user_id`, `created_at`) VALUES ('82', '82', '1983-02-03 09:24:54');
INSERT INTO `communities_users` (`community_id`, `user_id`, `created_at`) VALUES ('83', '83', '2008-07-12 00:09:14');
INSERT INTO `communities_users` (`community_id`, `user_id`, `created_at`) VALUES ('84', '84', '1989-08-29 05:19:14');
INSERT INTO `communities_users` (`community_id`, `user_id`, `created_at`) VALUES ('85', '85', '1989-11-03 07:22:53');
INSERT INTO `communities_users` (`community_id`, `user_id`, `created_at`) VALUES ('86', '86', '1993-11-03 00:55:45');
INSERT INTO `communities_users` (`community_id`, `user_id`, `created_at`) VALUES ('87', '87', '1994-05-30 22:29:51');
INSERT INTO `communities_users` (`community_id`, `user_id`, `created_at`) VALUES ('88', '88', '1990-08-05 20:09:30');
INSERT INTO `communities_users` (`community_id`, `user_id`, `created_at`) VALUES ('89', '89', '1999-05-02 14:32:38');
INSERT INTO `communities_users` (`community_id`, `user_id`, `created_at`) VALUES ('90', '90', '2007-09-08 21:54:51');
INSERT INTO `communities_users` (`community_id`, `user_id`, `created_at`) VALUES ('91', '91', '2014-08-26 17:17:34');
INSERT INTO `communities_users` (`community_id`, `user_id`, `created_at`) VALUES ('92', '92', '2002-12-23 16:39:56');
INSERT INTO `communities_users` (`community_id`, `user_id`, `created_at`) VALUES ('93', '93', '1982-05-25 17:17:35');
INSERT INTO `communities_users` (`community_id`, `user_id`, `created_at`) VALUES ('94', '94', '2009-03-23 10:06:52');
INSERT INTO `communities_users` (`community_id`, `user_id`, `created_at`) VALUES ('95', '95', '1975-05-17 16:07:55');
INSERT INTO `communities_users` (`community_id`, `user_id`, `created_at`) VALUES ('96', '96', '1993-08-14 13:24:28');
INSERT INTO `communities_users` (`community_id`, `user_id`, `created_at`) VALUES ('97', '97', '2002-01-17 18:30:49');
INSERT INTO `communities_users` (`community_id`, `user_id`, `created_at`) VALUES ('98', '98', '2017-05-12 13:30:48');
INSERT INTO `communities_users` (`community_id`, `user_id`, `created_at`) VALUES ('99', '99', '1974-10-23 14:00:37');
INSERT INTO `communities_users` (`community_id`, `user_id`, `created_at`) VALUES ('100', '100', '2021-05-29 15:14:06');

INSERT INTO `likes` (`user_id`, `media_id`, `like_type`, `creted_at`) VALUES ('1', '1', 1, '2020-11-12 16:57:02');
INSERT INTO `likes` (`user_id`, `media_id`, `like_type`, `creted_at`) VALUES ('2', '2', 1, '1996-07-09 14:48:34');
INSERT INTO `likes` (`user_id`, `media_id`, `like_type`, `creted_at`) VALUES ('3', '3', 1, '2004-06-18 12:01:30');
INSERT INTO `likes` (`user_id`, `media_id`, `like_type`, `creted_at`) VALUES ('4', '4', 1, '1978-12-28 18:56:42');
INSERT INTO `likes` (`user_id`, `media_id`, `like_type`, `creted_at`) VALUES ('5', '5', 1, '1978-05-03 07:13:35');
INSERT INTO `likes` (`user_id`, `media_id`, `like_type`, `creted_at`) VALUES ('6', '6', 1, '1986-06-29 19:25:00');
INSERT INTO `likes` (`user_id`, `media_id`, `like_type`, `creted_at`) VALUES ('7', '7', 1, '2013-02-15 21:28:10');
INSERT INTO `likes` (`user_id`, `media_id`, `like_type`, `creted_at`) VALUES ('8', '8', 1, '2000-11-28 03:36:23');
INSERT INTO `likes` (`user_id`, `media_id`, `like_type`, `creted_at`) VALUES ('9', '9', 1, '1998-01-25 19:30:20');
INSERT INTO `likes` (`user_id`, `media_id`, `like_type`, `creted_at`) VALUES ('10', '10', 1, '1996-11-06 17:16:54');
INSERT INTO `likes` (`user_id`, `media_id`, `like_type`, `creted_at`) VALUES ('11', '11', 1, '2009-05-06 15:35:44');
INSERT INTO `likes` (`user_id`, `media_id`, `like_type`, `creted_at`) VALUES ('12', '12', 1, '1980-01-17 15:26:16');
INSERT INTO `likes` (`user_id`, `media_id`, `like_type`, `creted_at`) VALUES ('13', '13', 1, '2012-08-20 08:16:58');
INSERT INTO `likes` (`user_id`, `media_id`, `like_type`, `creted_at`) VALUES ('14', '14', 1, '2019-07-26 13:41:27');
INSERT INTO `likes` (`user_id`, `media_id`, `like_type`, `creted_at`) VALUES ('15', '15', 1, '2007-05-23 22:30:19');
INSERT INTO `likes` (`user_id`, `media_id`, `like_type`, `creted_at`) VALUES ('16', '16', 1, '2008-06-25 00:41:27');
INSERT INTO `likes` (`user_id`, `media_id`, `like_type`, `creted_at`) VALUES ('17', '17', 1, '1982-09-13 21:58:49');
INSERT INTO `likes` (`user_id`, `media_id`, `like_type`, `creted_at`) VALUES ('18', '18', 1, '1991-04-08 00:43:07');
INSERT INTO `likes` (`user_id`, `media_id`, `like_type`, `creted_at`) VALUES ('19', '19', 1, '2018-07-30 19:42:34');
INSERT INTO `likes` (`user_id`, `media_id`, `like_type`, `creted_at`) VALUES ('20', '20', 1, '1973-12-25 00:59:03');
INSERT INTO `likes` (`user_id`, `media_id`, `like_type`, `creted_at`) VALUES ('21', '21', 1, '1973-10-01 14:51:04');
INSERT INTO `likes` (`user_id`, `media_id`, `like_type`, `creted_at`) VALUES ('22', '22', 1, '2004-08-09 16:18:38');
INSERT INTO `likes` (`user_id`, `media_id`, `like_type`, `creted_at`) VALUES ('23', '23', 1, '2002-12-30 22:31:29');
INSERT INTO `likes` (`user_id`, `media_id`, `like_type`, `creted_at`) VALUES ('24', '24', 1, '1998-10-21 11:52:41');
INSERT INTO `likes` (`user_id`, `media_id`, `like_type`, `creted_at`) VALUES ('25', '25', 1, '1990-06-08 19:06:36');
INSERT INTO `likes` (`user_id`, `media_id`, `like_type`, `creted_at`) VALUES ('26', '26', 1, '1988-12-27 06:15:12');
INSERT INTO `likes` (`user_id`, `media_id`, `like_type`, `creted_at`) VALUES ('27', '27', 1, '2001-07-28 12:35:14');
INSERT INTO `likes` (`user_id`, `media_id`, `like_type`, `creted_at`) VALUES ('28', '28', 1, '2004-08-11 20:45:24');
INSERT INTO `likes` (`user_id`, `media_id`, `like_type`, `creted_at`) VALUES ('29', '29', 1, '2012-07-29 13:30:30');
INSERT INTO `likes` (`user_id`, `media_id`, `like_type`, `creted_at`) VALUES ('30', '30', 1, '2002-01-18 07:13:30');
INSERT INTO `likes` (`user_id`, `media_id`, `like_type`, `creted_at`) VALUES ('31', '31', 1, '2002-01-14 17:17:53');
INSERT INTO `likes` (`user_id`, `media_id`, `like_type`, `creted_at`) VALUES ('32', '32', 1, '2003-06-08 18:31:54');
INSERT INTO `likes` (`user_id`, `media_id`, `like_type`, `creted_at`) VALUES ('33', '33', 1, '1971-04-09 08:44:57');
INSERT INTO `likes` (`user_id`, `media_id`, `like_type`, `creted_at`) VALUES ('34', '34', 1, '1971-07-30 16:19:35');
INSERT INTO `likes` (`user_id`, `media_id`, `like_type`, `creted_at`) VALUES ('35', '35', 1, '1991-06-07 01:00:38');
INSERT INTO `likes` (`user_id`, `media_id`, `like_type`, `creted_at`) VALUES ('36', '36', 1, '2010-03-30 06:22:46');
INSERT INTO `likes` (`user_id`, `media_id`, `like_type`, `creted_at`) VALUES ('37', '37', 1, '1998-12-04 00:53:49');
INSERT INTO `likes` (`user_id`, `media_id`, `like_type`, `creted_at`) VALUES ('38', '38', 1, '1993-03-04 17:24:29');
INSERT INTO `likes` (`user_id`, `media_id`, `like_type`, `creted_at`) VALUES ('39', '39', 1, '1999-06-19 00:00:33');
INSERT INTO `likes` (`user_id`, `media_id`, `like_type`, `creted_at`) VALUES ('40', '40', 1, '2009-01-22 12:06:47');
INSERT INTO `likes` (`user_id`, `media_id`, `like_type`, `creted_at`) VALUES ('41', '41', 1, '2000-02-08 06:17:39');
INSERT INTO `likes` (`user_id`, `media_id`, `like_type`, `creted_at`) VALUES ('42', '42', 1, '1977-08-02 15:03:14');
INSERT INTO `likes` (`user_id`, `media_id`, `like_type`, `creted_at`) VALUES ('43', '43', 1, '1971-07-25 02:25:21');
INSERT INTO `likes` (`user_id`, `media_id`, `like_type`, `creted_at`) VALUES ('44', '44', 1, '1973-09-30 09:24:26');
INSERT INTO `likes` (`user_id`, `media_id`, `like_type`, `creted_at`) VALUES ('45', '45', 1, '2021-02-03 19:07:09');
INSERT INTO `likes` (`user_id`, `media_id`, `like_type`, `creted_at`) VALUES ('46', '46', 1, '1971-01-10 21:43:25');
INSERT INTO `likes` (`user_id`, `media_id`, `like_type`, `creted_at`) VALUES ('47', '47', 1, '1970-11-11 22:04:23');
INSERT INTO `likes` (`user_id`, `media_id`, `like_type`, `creted_at`) VALUES ('48', '48', 1, '2018-03-01 19:11:57');
INSERT INTO `likes` (`user_id`, `media_id`, `like_type`, `creted_at`) VALUES ('49', '49', 1, '2008-12-22 09:44:51');
INSERT INTO `likes` (`user_id`, `media_id`, `like_type`, `creted_at`) VALUES ('50', '50', 1, '1971-04-03 19:28:15');
INSERT INTO `likes` (`user_id`, `media_id`, `like_type`, `creted_at`) VALUES ('51', '51', 1, '2020-04-10 00:14:52');
INSERT INTO `likes` (`user_id`, `media_id`, `like_type`, `creted_at`) VALUES ('52', '52', 1, '1977-11-22 19:52:29');
INSERT INTO `likes` (`user_id`, `media_id`, `like_type`, `creted_at`) VALUES ('53', '53', 1, '2009-12-12 10:47:17');
INSERT INTO `likes` (`user_id`, `media_id`, `like_type`, `creted_at`) VALUES ('54', '54', 1, '2015-04-28 10:59:49');
INSERT INTO `likes` (`user_id`, `media_id`, `like_type`, `creted_at`) VALUES ('55', '55', 1, '2020-07-12 15:49:26');
INSERT INTO `likes` (`user_id`, `media_id`, `like_type`, `creted_at`) VALUES ('56', '56', 1, '2005-03-21 15:34:24');
INSERT INTO `likes` (`user_id`, `media_id`, `like_type`, `creted_at`) VALUES ('57', '57', 1, '1975-01-10 04:25:22');
INSERT INTO `likes` (`user_id`, `media_id`, `like_type`, `creted_at`) VALUES ('58', '58', 1, '1983-04-03 16:56:31');
INSERT INTO `likes` (`user_id`, `media_id`, `like_type`, `creted_at`) VALUES ('59', '59', 1, '2001-10-28 11:07:51');
INSERT INTO `likes` (`user_id`, `media_id`, `like_type`, `creted_at`) VALUES ('60', '60', 1, '1985-04-23 19:38:35');
INSERT INTO `likes` (`user_id`, `media_id`, `like_type`, `creted_at`) VALUES ('61', '61', 1, '1975-02-04 02:02:47');
INSERT INTO `likes` (`user_id`, `media_id`, `like_type`, `creted_at`) VALUES ('62', '62', 1, '2018-07-21 12:47:07');
INSERT INTO `likes` (`user_id`, `media_id`, `like_type`, `creted_at`) VALUES ('63', '63', 1, '1992-03-10 21:25:50');
INSERT INTO `likes` (`user_id`, `media_id`, `like_type`, `creted_at`) VALUES ('64', '64', 1, '1980-07-07 08:05:49');
INSERT INTO `likes` (`user_id`, `media_id`, `like_type`, `creted_at`) VALUES ('65', '65', 1, '1992-03-12 04:09:35');
INSERT INTO `likes` (`user_id`, `media_id`, `like_type`, `creted_at`) VALUES ('66', '66', 1, '2020-04-28 04:59:11');
INSERT INTO `likes` (`user_id`, `media_id`, `like_type`, `creted_at`) VALUES ('67', '67', 1, '1982-11-01 06:16:57');
INSERT INTO `likes` (`user_id`, `media_id`, `like_type`, `creted_at`) VALUES ('68', '68', 1, '1983-06-08 18:46:58');
INSERT INTO `likes` (`user_id`, `media_id`, `like_type`, `creted_at`) VALUES ('69', '69', 1, '1983-06-10 09:32:43');
INSERT INTO `likes` (`user_id`, `media_id`, `like_type`, `creted_at`) VALUES ('70', '70', 1, '2013-11-08 03:26:00');
INSERT INTO `likes` (`user_id`, `media_id`, `like_type`, `creted_at`) VALUES ('71', '71', 1, '2007-02-07 14:54:27');
INSERT INTO `likes` (`user_id`, `media_id`, `like_type`, `creted_at`) VALUES ('72', '72', 1, '1976-03-25 18:27:26');
INSERT INTO `likes` (`user_id`, `media_id`, `like_type`, `creted_at`) VALUES ('73', '73', 1, '2018-12-18 18:13:20');
INSERT INTO `likes` (`user_id`, `media_id`, `like_type`, `creted_at`) VALUES ('74', '74', 1, '1986-05-12 03:37:13');
INSERT INTO `likes` (`user_id`, `media_id`, `like_type`, `creted_at`) VALUES ('75', '75', 1, '1990-11-11 22:08:32');
INSERT INTO `likes` (`user_id`, `media_id`, `like_type`, `creted_at`) VALUES ('76', '76', 1, '2008-03-21 11:09:52');
INSERT INTO `likes` (`user_id`, `media_id`, `like_type`, `creted_at`) VALUES ('77', '77', 1, '2000-10-18 01:35:04');
INSERT INTO `likes` (`user_id`, `media_id`, `like_type`, `creted_at`) VALUES ('78', '78', 1, '2017-01-18 11:42:51');
INSERT INTO `likes` (`user_id`, `media_id`, `like_type`, `creted_at`) VALUES ('79', '79', 1, '2017-02-25 14:46:11');
INSERT INTO `likes` (`user_id`, `media_id`, `like_type`, `creted_at`) VALUES ('80', '80', 1, '2006-02-09 13:17:14');
INSERT INTO `likes` (`user_id`, `media_id`, `like_type`, `creted_at`) VALUES ('81', '81', 1, '2011-11-20 10:33:14');
INSERT INTO `likes` (`user_id`, `media_id`, `like_type`, `creted_at`) VALUES ('82', '82', 1, '1976-04-28 11:26:14');
INSERT INTO `likes` (`user_id`, `media_id`, `like_type`, `creted_at`) VALUES ('83', '83', 1, '1991-05-31 18:41:01');
INSERT INTO `likes` (`user_id`, `media_id`, `like_type`, `creted_at`) VALUES ('84', '84', 1, '1991-09-11 03:27:38');
INSERT INTO `likes` (`user_id`, `media_id`, `like_type`, `creted_at`) VALUES ('85', '85', 1, '2000-01-29 03:46:20');
INSERT INTO `likes` (`user_id`, `media_id`, `like_type`, `creted_at`) VALUES ('86', '86', 1, '2005-03-12 12:01:54');
INSERT INTO `likes` (`user_id`, `media_id`, `like_type`, `creted_at`) VALUES ('87', '87', 1, '1986-01-10 19:05:35');
INSERT INTO `likes` (`user_id`, `media_id`, `like_type`, `creted_at`) VALUES ('88', '88', 1, '1978-12-15 15:29:30');
INSERT INTO `likes` (`user_id`, `media_id`, `like_type`, `creted_at`) VALUES ('89', '89', 1, '2013-05-12 15:18:26');
INSERT INTO `likes` (`user_id`, `media_id`, `like_type`, `creted_at`) VALUES ('90', '90', 1, '1997-11-24 01:55:02');
INSERT INTO `likes` (`user_id`, `media_id`, `like_type`, `creted_at`) VALUES ('91', '91', 1, '2004-07-29 05:39:53');
INSERT INTO `likes` (`user_id`, `media_id`, `like_type`, `creted_at`) VALUES ('92', '92', 1, '1970-01-11 14:23:05');
INSERT INTO `likes` (`user_id`, `media_id`, `like_type`, `creted_at`) VALUES ('93', '93', 1, '1995-05-03 06:41:32');
INSERT INTO `likes` (`user_id`, `media_id`, `like_type`, `creted_at`) VALUES ('94', '94', 1, '1987-01-12 14:44:17');
INSERT INTO `likes` (`user_id`, `media_id`, `like_type`, `creted_at`) VALUES ('95', '95', 1, '2000-11-13 20:26:50');
INSERT INTO `likes` (`user_id`, `media_id`, `like_type`, `creted_at`) VALUES ('96', '96', 1, '2000-05-25 23:46:34');
INSERT INTO `likes` (`user_id`, `media_id`, `like_type`, `creted_at`) VALUES ('97', '97', 1, '1994-07-06 10:31:30');
INSERT INTO `likes` (`user_id`, `media_id`, `like_type`, `creted_at`) VALUES ('98', '98', 1, '1999-10-21 03:58:05');
INSERT INTO `likes` (`user_id`, `media_id`, `like_type`, `creted_at`) VALUES ('99', '99', 1, '1988-08-11 10:03:38');
INSERT INTO `likes` (`user_id`, `media_id`, `like_type`, `creted_at`) VALUES ('100', '100', 1, '2011-07-15 11:11:24');

INSERT INTO `messages` (`id`, `from_user_id`, `to_user_id`, `body`, `is_delivered`, `created_at`, `updated_at`) VALUES ('1', '1', '1', 'Consequatur incidunt odio sed amet laboriosam harum enim. Est non eius officiis. Sit sed laboriosam vitae beatae assumenda iste soluta quasi. Facilis aut facilis consequatur non dolores.', 1, '2009-07-11 20:18:20', '1999-09-28 08:15:28');
INSERT INTO `messages` (`id`, `from_user_id`, `to_user_id`, `body`, `is_delivered`, `created_at`, `updated_at`) VALUES ('2', '2', '2', 'Velit saepe nemo architecto excepturi. Pariatur quisquam deserunt libero autem quis. Aut autem esse adipisci repudiandae. Incidunt sed illo qui inventore dolor. Amet soluta reiciendis officiis excepturi magnam id ut.', 0, '1973-10-18 01:03:39', '1977-03-14 19:39:17');
INSERT INTO `messages` (`id`, `from_user_id`, `to_user_id`, `body`, `is_delivered`, `created_at`, `updated_at`) VALUES ('3', '3', '3', 'Explicabo ipsam qui veritatis optio rerum illo eius. Suscipit ullam sapiente eaque neque. Quam nesciunt qui repellat id commodi magni rerum.', 1, '2003-06-07 10:09:58', '1977-07-12 09:58:54');
INSERT INTO `messages` (`id`, `from_user_id`, `to_user_id`, `body`, `is_delivered`, `created_at`, `updated_at`) VALUES ('4', '4', '4', 'Ab voluptate distinctio deserunt rem quos expedita. Quisquam similique provident assumenda. Quis culpa rerum dolores fugiat iusto.', 0, '1992-09-02 22:55:44', '1976-08-25 00:39:07');
INSERT INTO `messages` (`id`, `from_user_id`, `to_user_id`, `body`, `is_delivered`, `created_at`, `updated_at`) VALUES ('5', '5', '5', 'Aut ratione non qui qui cumque quibusdam. Magnam dolorem consequuntur molestiae nihil doloribus. Eius aut autem odio voluptatem molestiae dolor id.', 1, '2020-11-02 06:33:52', '1994-03-16 02:00:22');
INSERT INTO `messages` (`id`, `from_user_id`, `to_user_id`, `body`, `is_delivered`, `created_at`, `updated_at`) VALUES ('6', '6', '6', 'Vel laborum ex consequatur similique minima. Earum culpa reprehenderit dignissimos laborum eveniet. Maxime voluptatum harum delectus. Deleniti minima ratione et voluptas nihil inventore.', 0, '2014-09-06 05:31:15', '1993-07-09 13:37:09');
INSERT INTO `messages` (`id`, `from_user_id`, `to_user_id`, `body`, `is_delivered`, `created_at`, `updated_at`) VALUES ('7', '7', '7', 'Quibusdam rerum velit nulla consequuntur sapiente sunt animi. Dolores quos et quis aut libero sunt dolor vero. Voluptatibus et ut magni unde eligendi reiciendis earum officiis. Voluptate magni quae aut recusandae.', 0, '2006-07-12 06:53:48', '1972-02-03 02:00:30');
INSERT INTO `messages` (`id`, `from_user_id`, `to_user_id`, `body`, `is_delivered`, `created_at`, `updated_at`) VALUES ('8', '8', '8', 'Quos odit molestiae error repellat et delectus exercitationem eius. Ad omnis necessitatibus porro molestias qui qui. Reiciendis harum recusandae doloremque sed.', 1, '2013-03-11 15:53:09', '1971-12-10 08:12:43');
INSERT INTO `messages` (`id`, `from_user_id`, `to_user_id`, `body`, `is_delivered`, `created_at`, `updated_at`) VALUES ('9', '9', '9', 'Velit voluptatem enim ducimus nostrum. Adipisci excepturi et excepturi non tempora. Error quia dolorum consectetur ut facilis rem. Aut recusandae porro quaerat laboriosam voluptatem sequi aliquid minus.', 1, '1981-09-14 05:25:03', '1971-07-29 07:22:02');
INSERT INTO `messages` (`id`, `from_user_id`, `to_user_id`, `body`, `is_delivered`, `created_at`, `updated_at`) VALUES ('10', '10', '10', 'Tempore aut minus cum molestias odio libero neque. Totam est quis in sint maiores omnis pariatur. Ut eaque incidunt aut et repellendus. Quis quos id ex id est eius.', 0, '2013-03-01 02:49:56', '1975-04-19 07:53:14');
INSERT INTO `messages` (`id`, `from_user_id`, `to_user_id`, `body`, `is_delivered`, `created_at`, `updated_at`) VALUES ('11', '11', '11', 'Omnis dolorum atque omnis est. Et debitis eveniet provident. Esse ut deserunt et.', 0, '2008-11-02 01:41:45', '1976-08-18 23:50:34');
INSERT INTO `messages` (`id`, `from_user_id`, `to_user_id`, `body`, `is_delivered`, `created_at`, `updated_at`) VALUES ('12', '12', '12', 'Dolores ad laboriosam aliquam libero non modi architecto. Qui molestiae quisquam rerum tenetur debitis tenetur. Molestias et sint ut voluptates. Similique quisquam rerum mollitia officiis dolorem dolorum sed.', 1, '1996-12-06 16:50:47', '1974-05-09 11:54:53');
INSERT INTO `messages` (`id`, `from_user_id`, `to_user_id`, `body`, `is_delivered`, `created_at`, `updated_at`) VALUES ('13', '13', '13', 'Eum id omnis officiis amet. Qui porro ipsam labore mollitia et aut. Molestias voluptatem quod aut at.', 0, '1998-06-20 13:46:44', '2009-06-11 15:24:26');
INSERT INTO `messages` (`id`, `from_user_id`, `to_user_id`, `body`, `is_delivered`, `created_at`, `updated_at`) VALUES ('14', '14', '14', 'Et rerum esse deleniti nam eaque. Exercitationem officia sed alias vel veniam atque earum. Aspernatur reiciendis dolor et rem itaque. Commodi laboriosam quis ad consequatur sed alias aliquid.', 0, '1973-04-28 18:55:38', '2009-05-05 00:48:26');
INSERT INTO `messages` (`id`, `from_user_id`, `to_user_id`, `body`, `is_delivered`, `created_at`, `updated_at`) VALUES ('15', '15', '15', 'Ipsum pariatur fuga quia hic necessitatibus blanditiis et. Quia sequi doloremque enim tenetur. Inventore illum id aliquid repellendus.', 1, '2015-01-24 09:30:27', '1992-02-26 16:17:23');
INSERT INTO `messages` (`id`, `from_user_id`, `to_user_id`, `body`, `is_delivered`, `created_at`, `updated_at`) VALUES ('16', '16', '16', 'Alias aut consectetur eos facilis. Sint cumque dolorum voluptatem eos qui et voluptate ipsa. Fugit aliquam rerum mollitia ut occaecati. Placeat optio est et voluptas ipsum.', 0, '2015-10-06 08:39:33', '2016-01-27 04:10:53');
INSERT INTO `messages` (`id`, `from_user_id`, `to_user_id`, `body`, `is_delivered`, `created_at`, `updated_at`) VALUES ('17', '17', '17', 'Quas perspiciatis id ut odio saepe incidunt ad enim. Ut iusto in necessitatibus sit. Maxime nobis quidem alias sunt. Ipsum quia molestiae quasi ut quam ipsum eaque.', 1, '1994-05-31 01:46:28', '2021-01-23 05:07:14');
INSERT INTO `messages` (`id`, `from_user_id`, `to_user_id`, `body`, `is_delivered`, `created_at`, `updated_at`) VALUES ('18', '18', '18', 'Similique dignissimos iste quia ut pariatur qui. Dolores nemo sunt id est et. Aut quia occaecati nihil incidunt ipsa consequatur possimus. Qui delectus reprehenderit aut vel voluptates non voluptatem. Rem ut temporibus deleniti reiciendis reiciendis.', 0, '2016-08-16 08:43:58', '2014-02-11 12:29:33');
INSERT INTO `messages` (`id`, `from_user_id`, `to_user_id`, `body`, `is_delivered`, `created_at`, `updated_at`) VALUES ('19', '19', '19', 'Recusandae ullam quis ad dolorem. Animi expedita ut aut rem quo nostrum qui occaecati. Et officiis veritatis expedita iure exercitationem.', 0, '1970-03-25 14:58:15', '1971-01-06 05:51:31');
INSERT INTO `messages` (`id`, `from_user_id`, `to_user_id`, `body`, `is_delivered`, `created_at`, `updated_at`) VALUES ('20', '20', '20', 'Sint ipsa earum enim nisi officiis iure molestiae. Doloribus eaque voluptatum magnam eius fugit nesciunt necessitatibus. Quidem voluptas voluptate eum id repellendus incidunt et eum. Et impedit et et voluptate ut quod dolore.', 1, '1997-04-04 22:00:04', '1987-12-26 20:38:42');
INSERT INTO `messages` (`id`, `from_user_id`, `to_user_id`, `body`, `is_delivered`, `created_at`, `updated_at`) VALUES ('21', '21', '21', 'Alias culpa explicabo atque delectus quaerat quidem. Illum facere fugiat est harum pariatur et. Laboriosam illo ut est veritatis omnis inventore. Et quaerat ipsam dolores asperiores ab aut.', 0, '1984-07-24 01:23:45', '1997-05-06 08:56:13');
INSERT INTO `messages` (`id`, `from_user_id`, `to_user_id`, `body`, `is_delivered`, `created_at`, `updated_at`) VALUES ('22', '22', '22', 'Est delectus odio nisi harum nemo. Est quae recusandae mollitia ipsa numquam voluptate nulla.', 0, '2015-05-23 11:08:15', '1999-11-22 15:25:23');
INSERT INTO `messages` (`id`, `from_user_id`, `to_user_id`, `body`, `is_delivered`, `created_at`, `updated_at`) VALUES ('23', '23', '23', 'Officia quo sunt eos dolor ut illo. Laborum enim et laudantium possimus. Laudantium labore vero vel. Consectetur dolor explicabo voluptatem hic rerum.', 1, '1981-09-01 11:05:30', '2020-05-11 01:49:41');
INSERT INTO `messages` (`id`, `from_user_id`, `to_user_id`, `body`, `is_delivered`, `created_at`, `updated_at`) VALUES ('24', '24', '24', 'Consectetur quaerat tenetur corrupti. Modi sint nihil corrupti aperiam at omnis doloribus voluptatem. Consequuntur exercitationem quas aut rerum sit. Aut totam velit doloribus qui.', 1, '2007-09-26 11:07:59', '2003-01-16 09:36:03');
INSERT INTO `messages` (`id`, `from_user_id`, `to_user_id`, `body`, `is_delivered`, `created_at`, `updated_at`) VALUES ('25', '25', '25', 'Et similique vitae sapiente autem rerum consequatur quod sunt. Nulla iste quaerat provident rerum asperiores nulla assumenda. Commodi aut enim delectus incidunt. Laborum et veritatis impedit laudantium.', 0, '1997-11-09 13:32:33', '2015-09-06 13:29:43');
INSERT INTO `messages` (`id`, `from_user_id`, `to_user_id`, `body`, `is_delivered`, `created_at`, `updated_at`) VALUES ('26', '26', '26', 'Deleniti ea ex sit eveniet culpa. Fuga amet molestiae omnis eum eos. Aut possimus qui eveniet quasi ullam aut accusantium sed.', 0, '1983-08-29 09:54:37', '1996-08-28 09:27:18');
INSERT INTO `messages` (`id`, `from_user_id`, `to_user_id`, `body`, `is_delivered`, `created_at`, `updated_at`) VALUES ('27', '27', '27', 'Magnam quisquam odit voluptatem hic totam fugiat optio. Quasi dolores ad soluta ut quod. Nam id modi dolore non sequi.', 1, '1990-01-08 03:41:21', '1999-11-27 10:56:39');
INSERT INTO `messages` (`id`, `from_user_id`, `to_user_id`, `body`, `is_delivered`, `created_at`, `updated_at`) VALUES ('28', '28', '28', 'Maiores est delectus rerum et vel eum. Ullam vitae aut voluptas aut nostrum.', 1, '2011-05-30 17:57:19', '2020-06-19 06:29:02');
INSERT INTO `messages` (`id`, `from_user_id`, `to_user_id`, `body`, `is_delivered`, `created_at`, `updated_at`) VALUES ('29', '29', '29', 'Assumenda aliquid nesciunt et maxime. Hic optio magnam recusandae ipsa. Qui velit nihil natus aliquid. Ea ut et ex.', 0, '1982-03-30 13:09:13', '1982-07-01 10:54:01');
INSERT INTO `messages` (`id`, `from_user_id`, `to_user_id`, `body`, `is_delivered`, `created_at`, `updated_at`) VALUES ('30', '30', '30', 'Et cupiditate veritatis aut eum non. Expedita laborum rerum qui culpa placeat ut nam. Est at dignissimos deserunt odit ut. Quia voluptatem sint qui sed velit.', 1, '2012-12-09 02:18:57', '1994-08-18 00:22:54');
INSERT INTO `messages` (`id`, `from_user_id`, `to_user_id`, `body`, `is_delivered`, `created_at`, `updated_at`) VALUES ('31', '31', '31', 'Non ipsam eum est doloremque. Explicabo voluptas earum ut repellendus voluptatibus esse.', 0, '2001-10-18 20:07:43', '1980-02-27 22:29:25');
INSERT INTO `messages` (`id`, `from_user_id`, `to_user_id`, `body`, `is_delivered`, `created_at`, `updated_at`) VALUES ('32', '32', '32', 'Dolorum autem voluptatem ipsum alias. Nesciunt non commodi aspernatur exercitationem. Non atque sed dolorem pariatur. Laborum soluta rerum quia qui nihil.', 0, '1988-02-02 22:05:43', '2015-10-15 13:19:56');
INSERT INTO `messages` (`id`, `from_user_id`, `to_user_id`, `body`, `is_delivered`, `created_at`, `updated_at`) VALUES ('33', '33', '33', 'Ullam qui accusantium temporibus minus et. Quis iste cum ea. Officia soluta veritatis non facere asperiores voluptate.', 0, '2019-08-04 07:53:23', '2001-05-26 21:24:23');
INSERT INTO `messages` (`id`, `from_user_id`, `to_user_id`, `body`, `is_delivered`, `created_at`, `updated_at`) VALUES ('34', '34', '34', 'Voluptas velit suscipit earum et excepturi sit molestias. Voluptatem voluptates molestias impedit eos et provident. Et consequatur quia vel saepe sit temporibus et. Aut aut et dolorem tempore nostrum commodi natus.', 1, '1983-04-14 14:03:42', '1971-03-15 23:05:55');
INSERT INTO `messages` (`id`, `from_user_id`, `to_user_id`, `body`, `is_delivered`, `created_at`, `updated_at`) VALUES ('35', '35', '35', 'Accusantium ad temporibus iusto corporis doloremque numquam praesentium. Nostrum aut cum officiis minus id. Blanditiis explicabo odit eius et. Et quos excepturi tenetur ut quis error in.', 0, '1985-02-13 12:30:25', '1976-11-19 07:11:37');
INSERT INTO `messages` (`id`, `from_user_id`, `to_user_id`, `body`, `is_delivered`, `created_at`, `updated_at`) VALUES ('36', '36', '36', 'Inventore et et dolorem aut aperiam. Veniam eos explicabo incidunt reprehenderit praesentium. Odio sapiente itaque sint aliquam tenetur commodi qui.', 0, '1980-12-04 16:25:08', '1976-05-08 20:46:12');
INSERT INTO `messages` (`id`, `from_user_id`, `to_user_id`, `body`, `is_delivered`, `created_at`, `updated_at`) VALUES ('37', '37', '37', 'Perspiciatis laboriosam ea dolorem corporis reiciendis ipsam magni vel. Corrupti unde optio eaque nisi. Necessitatibus error molestiae nam fugit eaque a rem eaque. Porro occaecati deserunt veritatis ut.', 0, '2011-11-21 04:58:32', '2015-03-03 03:09:45');
INSERT INTO `messages` (`id`, `from_user_id`, `to_user_id`, `body`, `is_delivered`, `created_at`, `updated_at`) VALUES ('38', '38', '38', 'Natus iste omnis aut eius ea voluptas dolores. Similique quia omnis asperiores labore ab ut rerum. Voluptates minima labore qui nemo quis fugiat labore. Amet pariatur quibusdam doloremque ab hic impedit distinctio.', 0, '2017-03-16 05:46:00', '1990-04-19 22:46:07');
INSERT INTO `messages` (`id`, `from_user_id`, `to_user_id`, `body`, `is_delivered`, `created_at`, `updated_at`) VALUES ('39', '39', '39', 'Est et culpa explicabo laboriosam iste sit voluptatem quasi. Corrupti dolore qui quia autem quo. Qui voluptatum tempore et qui quos qui. Corporis quis voluptas provident vel hic consequatur.', 1, '1974-02-05 07:30:01', '2011-09-29 10:44:44');
INSERT INTO `messages` (`id`, `from_user_id`, `to_user_id`, `body`, `is_delivered`, `created_at`, `updated_at`) VALUES ('40', '40', '40', 'Qui soluta dolorum error nam rerum. Atque aut tempore voluptatem autem asperiores. Delectus optio qui magnam adipisci. Eligendi ratione voluptas eveniet qui accusantium officiis.', 1, '1980-10-27 15:21:28', '1970-07-08 10:08:04');
INSERT INTO `messages` (`id`, `from_user_id`, `to_user_id`, `body`, `is_delivered`, `created_at`, `updated_at`) VALUES ('41', '41', '41', 'Ut eum nihil illo impedit. Molestiae dolores asperiores suscipit sit. Dolor veniam commodi esse harum sunt. Autem laboriosam voluptates repudiandae sunt.', 1, '2018-12-13 18:53:51', '1979-08-25 16:48:19');
INSERT INTO `messages` (`id`, `from_user_id`, `to_user_id`, `body`, `is_delivered`, `created_at`, `updated_at`) VALUES ('42', '42', '42', 'Sit non sequi officiis voluptatem impedit et corporis et. Odit nihil commodi quidem. Rem ad autem eum veritatis dolor nulla doloribus.', 0, '1983-05-11 15:53:55', '2001-12-12 14:51:39');
INSERT INTO `messages` (`id`, `from_user_id`, `to_user_id`, `body`, `is_delivered`, `created_at`, `updated_at`) VALUES ('43', '43', '43', 'Qui facilis laborum et minus. Et rerum saepe facere occaecati. In necessitatibus dolorem aut sed. Facilis soluta pariatur mollitia ut nisi.', 1, '1981-06-22 16:04:48', '2009-09-04 00:03:17');
INSERT INTO `messages` (`id`, `from_user_id`, `to_user_id`, `body`, `is_delivered`, `created_at`, `updated_at`) VALUES ('44', '44', '44', 'Dolor excepturi sit doloremque quia modi non. Quia odit saepe dolores ad nihil et magni repellendus. Nihil eos quia qui et velit molestiae enim. Incidunt aspernatur quia totam.', 0, '2008-05-21 15:52:37', '1993-10-02 22:07:05');
INSERT INTO `messages` (`id`, `from_user_id`, `to_user_id`, `body`, `is_delivered`, `created_at`, `updated_at`) VALUES ('45', '45', '45', 'Blanditiis quis quidem provident impedit dolor voluptatem iusto. Ea totam vel non quo. Ut quos aspernatur ut occaecati sed ut laboriosam consequatur.', 0, '1993-12-20 15:01:30', '1979-07-10 19:41:16');
INSERT INTO `messages` (`id`, `from_user_id`, `to_user_id`, `body`, `is_delivered`, `created_at`, `updated_at`) VALUES ('46', '46', '46', 'Deleniti sit et iusto illum ea iste. Nihil eligendi et facere quae nemo totam. Magni sapiente vero consequatur voluptatem alias ut et.', 0, '1986-12-14 21:03:45', '2001-02-14 17:13:40');
INSERT INTO `messages` (`id`, `from_user_id`, `to_user_id`, `body`, `is_delivered`, `created_at`, `updated_at`) VALUES ('47', '47', '47', 'In quo nemo ea rem rerum. Neque iste doloremque est reprehenderit in aliquam mollitia. Suscipit repellat quidem quidem eos voluptatem sit.', 1, '2018-08-23 23:08:33', '1979-05-13 01:54:50');
INSERT INTO `messages` (`id`, `from_user_id`, `to_user_id`, `body`, `is_delivered`, `created_at`, `updated_at`) VALUES ('48', '48', '48', 'Maiores ea numquam est et ea necessitatibus dolor enim. Ad quos ut totam fuga est eos esse est. Debitis voluptatem possimus ducimus placeat omnis corporis consequatur. Placeat non exercitationem enim doloremque.', 1, '2010-06-21 14:56:56', '1981-08-01 21:59:16');
INSERT INTO `messages` (`id`, `from_user_id`, `to_user_id`, `body`, `is_delivered`, `created_at`, `updated_at`) VALUES ('49', '49', '49', 'Et aspernatur maxime laudantium soluta. Dolor consequatur sunt et omnis ab. Totam et doloremque et et doloribus in.', 0, '1993-08-20 08:00:28', '2017-10-08 22:01:20');
INSERT INTO `messages` (`id`, `from_user_id`, `to_user_id`, `body`, `is_delivered`, `created_at`, `updated_at`) VALUES ('50', '50', '50', 'Modi incidunt itaque quibusdam accusamus. Illum dolor quia dignissimos soluta minus est. Itaque dolor voluptatum harum rerum.', 1, '1988-04-02 08:19:29', '2017-12-23 23:46:18');
INSERT INTO `messages` (`id`, `from_user_id`, `to_user_id`, `body`, `is_delivered`, `created_at`, `updated_at`) VALUES ('51', '51', '51', 'Dolores voluptatem fugiat non temporibus. Eum sed eaque rerum illo rerum.', 0, '1971-12-20 05:52:46', '2004-11-15 13:31:01');
INSERT INTO `messages` (`id`, `from_user_id`, `to_user_id`, `body`, `is_delivered`, `created_at`, `updated_at`) VALUES ('52', '52', '52', 'Adipisci est quod soluta fugiat voluptatem quis. Nihil aut dolorum expedita tenetur. Laboriosam molestiae mollitia nam quam cupiditate. Cupiditate ut rerum exercitationem facere recusandae exercitationem.', 1, '1986-03-07 21:45:37', '1998-04-23 15:18:58');
INSERT INTO `messages` (`id`, `from_user_id`, `to_user_id`, `body`, `is_delivered`, `created_at`, `updated_at`) VALUES ('53', '53', '53', 'Earum dolor sint et perspiciatis unde. Laborum autem exercitationem id dignissimos porro sit dolores dicta. Dolorem sapiente nobis ea ut.', 1, '1994-06-12 18:24:19', '1985-09-15 01:43:16');
INSERT INTO `messages` (`id`, `from_user_id`, `to_user_id`, `body`, `is_delivered`, `created_at`, `updated_at`) VALUES ('54', '54', '54', 'Et cupiditate recusandae at. Nostrum aut aut ipsum non quam veniam. At et enim impedit ut sed. Itaque magnam voluptatem voluptatem.', 1, '2009-03-08 15:48:20', '1973-12-11 02:49:48');
INSERT INTO `messages` (`id`, `from_user_id`, `to_user_id`, `body`, `is_delivered`, `created_at`, `updated_at`) VALUES ('55', '55', '55', 'Reiciendis ipsa aut consequatur ut repudiandae sunt aut. Tenetur qui quia architecto ipsum et qui. Dolore sapiente ut harum nulla aspernatur. Ut repellat assumenda sed eos in sit.', 0, '1974-01-15 02:57:31', '2017-06-03 07:40:22');
INSERT INTO `messages` (`id`, `from_user_id`, `to_user_id`, `body`, `is_delivered`, `created_at`, `updated_at`) VALUES ('56', '56', '56', 'Nobis rerum aliquid dolores consequatur optio reiciendis. Explicabo esse quaerat sed dicta officiis. Recusandae explicabo facere qui enim sit. Ipsa eum quia numquam culpa aut enim ipsum.', 0, '1970-03-30 15:19:02', '1979-03-03 06:03:37');
INSERT INTO `messages` (`id`, `from_user_id`, `to_user_id`, `body`, `is_delivered`, `created_at`, `updated_at`) VALUES ('57', '57', '57', 'Esse nisi laborum modi omnis et sint incidunt. Voluptate recusandae qui magnam reprehenderit eligendi perspiciatis commodi commodi. Nesciunt similique quis ut non dolorem fuga.', 0, '2001-10-24 21:54:03', '2006-10-09 00:26:06');
INSERT INTO `messages` (`id`, `from_user_id`, `to_user_id`, `body`, `is_delivered`, `created_at`, `updated_at`) VALUES ('58', '58', '58', 'Recusandae voluptatum in et aut. Unde nulla ut culpa laborum eum voluptas. Eaque odio et nisi mollitia corrupti aut.', 0, '1974-09-15 10:36:05', '2018-03-15 17:45:32');
INSERT INTO `messages` (`id`, `from_user_id`, `to_user_id`, `body`, `is_delivered`, `created_at`, `updated_at`) VALUES ('59', '59', '59', 'Ipsam accusantium veniam voluptas iste. Dicta culpa odit aut.', 0, '1983-12-03 22:52:09', '1973-06-05 16:41:47');
INSERT INTO `messages` (`id`, `from_user_id`, `to_user_id`, `body`, `is_delivered`, `created_at`, `updated_at`) VALUES ('60', '60', '60', 'Officia voluptatem aut placeat aut laborum quis accusamus. Tempora accusantium totam omnis soluta eum eius accusantium. Porro omnis rem nulla aut.', 0, '2015-09-30 02:32:13', '2000-11-14 05:04:05');
INSERT INTO `messages` (`id`, `from_user_id`, `to_user_id`, `body`, `is_delivered`, `created_at`, `updated_at`) VALUES ('61', '61', '61', 'Ratione ad magni saepe quo. Tempore accusantium quia inventore repellat voluptatem. Est quos maiores unde eos magni. Cupiditate quidem et enim ab voluptatem. Consequatur est quae sed incidunt voluptas molestiae.', 1, '1987-08-04 11:09:21', '2007-06-09 07:55:08');
INSERT INTO `messages` (`id`, `from_user_id`, `to_user_id`, `body`, `is_delivered`, `created_at`, `updated_at`) VALUES ('62', '62', '62', 'Voluptas soluta porro omnis ut est ea corporis. Et quis officiis omnis deserunt qui deserunt. Consequatur et dolorum ab porro veniam.', 1, '1985-11-23 00:25:44', '2006-08-12 10:43:29');
INSERT INTO `messages` (`id`, `from_user_id`, `to_user_id`, `body`, `is_delivered`, `created_at`, `updated_at`) VALUES ('63', '63', '63', 'Cumque dolor provident expedita id voluptatem possimus sit. Aut tempore dicta laudantium autem doloremque. Sit enim sit sed repellendus magnam voluptatem. Laborum et reprehenderit est illum quia voluptates. Dolorem error dolor officia.', 1, '2020-02-14 12:47:06', '1996-12-12 05:45:09');
INSERT INTO `messages` (`id`, `from_user_id`, `to_user_id`, `body`, `is_delivered`, `created_at`, `updated_at`) VALUES ('64', '64', '64', 'Autem id id quo corporis. Aut et voluptatem at iusto quam soluta. Rerum minus facere quam quas ipsum. Repudiandae cumque dicta ut accusantium saepe aut.', 0, '1984-11-28 09:46:49', '2013-07-29 14:09:46');
INSERT INTO `messages` (`id`, `from_user_id`, `to_user_id`, `body`, `is_delivered`, `created_at`, `updated_at`) VALUES ('65', '65', '65', 'Corrupti voluptatem ipsum facilis molestiae officia dolorem quo. Laudantium dicta eveniet soluta error aut explicabo dolore. Id non molestiae consequatur fuga eligendi ex. Dolor provident totam molestiae optio quis expedita vero. Atque debitis qui aut enim iste eligendi.', 1, '1991-05-19 09:17:43', '1981-08-24 01:10:50');
INSERT INTO `messages` (`id`, `from_user_id`, `to_user_id`, `body`, `is_delivered`, `created_at`, `updated_at`) VALUES ('66', '66', '66', 'Accusamus eligendi numquam cumque incidunt corrupti blanditiis rerum et. Magnam accusamus accusantium voluptates beatae. Nulla harum quas reprehenderit molestias dolor laborum aut.', 1, '1997-08-08 18:52:50', '1982-07-02 00:48:19');
INSERT INTO `messages` (`id`, `from_user_id`, `to_user_id`, `body`, `is_delivered`, `created_at`, `updated_at`) VALUES ('67', '67', '67', 'Voluptatem eum sit velit sed possimus. Reprehenderit deserunt et reprehenderit sapiente occaecati consequatur. Quia repellendus dicta recusandae blanditiis in necessitatibus. Omnis earum facilis natus laudantium dolores eum.', 1, '1993-08-07 08:01:18', '2015-05-08 10:11:37');
INSERT INTO `messages` (`id`, `from_user_id`, `to_user_id`, `body`, `is_delivered`, `created_at`, `updated_at`) VALUES ('68', '68', '68', 'Ipsam et reprehenderit aut sunt molestiae sit ut. Assumenda omnis alias voluptatem et eum. Veritatis id impedit deleniti dolorum aliquam id.', 1, '2005-06-05 15:30:47', '1997-06-03 23:57:31');
INSERT INTO `messages` (`id`, `from_user_id`, `to_user_id`, `body`, `is_delivered`, `created_at`, `updated_at`) VALUES ('69', '69', '69', 'Aut ab commodi magnam aut a. Voluptas nisi sed aut non. Dolor eos pariatur quia animi non assumenda error.', 1, '2019-11-19 07:08:04', '2002-12-17 14:02:05');
INSERT INTO `messages` (`id`, `from_user_id`, `to_user_id`, `body`, `is_delivered`, `created_at`, `updated_at`) VALUES ('70', '70', '70', 'Quae quaerat placeat dolores qui architecto culpa quia minus. Corporis et nihil aut ut ratione ut odit quam. Molestiae quae quasi eligendi aut. Et eos nisi quod.', 1, '2021-02-08 00:30:05', '1990-06-03 00:10:10');
INSERT INTO `messages` (`id`, `from_user_id`, `to_user_id`, `body`, `is_delivered`, `created_at`, `updated_at`) VALUES ('71', '71', '71', 'Cupiditate error optio eos qui nihil at quod. Natus qui et nulla et et cumque dolorem. Omnis esse nihil repudiandae unde nesciunt ullam. Consequatur et alias praesentium rem velit corporis numquam.', 0, '2003-09-09 09:23:34', '1970-10-19 22:21:03');
INSERT INTO `messages` (`id`, `from_user_id`, `to_user_id`, `body`, `is_delivered`, `created_at`, `updated_at`) VALUES ('72', '72', '72', 'Quia et qui quibusdam et alias quisquam. Natus animi dolorem laborum placeat et rerum. Optio nesciunt non architecto quos sequi. Aut omnis deserunt saepe.', 1, '1981-01-17 07:53:52', '1974-05-09 00:26:13');
INSERT INTO `messages` (`id`, `from_user_id`, `to_user_id`, `body`, `is_delivered`, `created_at`, `updated_at`) VALUES ('73', '73', '73', 'Ipsam quae eveniet non quae. Consequuntur dolorum ipsum id eius qui. Eos tempore eum enim itaque consectetur iusto iusto.', 0, '2004-09-19 00:01:27', '1999-02-28 06:38:01');
INSERT INTO `messages` (`id`, `from_user_id`, `to_user_id`, `body`, `is_delivered`, `created_at`, `updated_at`) VALUES ('74', '74', '74', 'Minus nesciunt rerum quia quisquam vel quaerat veniam est. Aut vitae id eum cupiditate quam et est. Fuga ipsam atque nam porro molestias. Itaque alias inventore qui totam totam qui consequuntur ipsum.', 1, '2018-08-30 20:45:48', '2003-11-22 02:58:27');
INSERT INTO `messages` (`id`, `from_user_id`, `to_user_id`, `body`, `is_delivered`, `created_at`, `updated_at`) VALUES ('75', '75', '75', 'Ut iste molestias molestiae perferendis nulla error. Consequatur earum omnis nulla explicabo. Officia ipsam magnam sed eos. Molestiae blanditiis voluptatem non.', 0, '1977-07-24 11:46:48', '2004-12-02 00:04:16');
INSERT INTO `messages` (`id`, `from_user_id`, `to_user_id`, `body`, `is_delivered`, `created_at`, `updated_at`) VALUES ('76', '76', '76', 'Omnis quis cum eius vel placeat libero dicta quis. Quia ut corporis unde corrupti quaerat consequuntur ea. Et deleniti enim adipisci ducimus modi amet. Voluptatem quia consectetur assumenda et excepturi omnis.', 0, '2003-04-02 15:31:33', '2009-01-13 16:38:07');
INSERT INTO `messages` (`id`, `from_user_id`, `to_user_id`, `body`, `is_delivered`, `created_at`, `updated_at`) VALUES ('77', '77', '77', 'Optio aperiam labore voluptate at distinctio dolore ipsam. Aut minus velit maiores ad sit corrupti. Aliquid rerum qui consequatur. Aut nemo autem alias consequuntur numquam similique. Excepturi et quia qui ut.', 0, '1982-02-06 21:43:01', '1972-02-26 01:14:32');
INSERT INTO `messages` (`id`, `from_user_id`, `to_user_id`, `body`, `is_delivered`, `created_at`, `updated_at`) VALUES ('78', '78', '78', 'Et neque reprehenderit et perspiciatis fugiat dolores. Voluptatem nostrum magni quo sunt maiores sit voluptatem. Laboriosam est et repellat.', 1, '1977-10-04 06:45:23', '1992-07-26 21:54:32');
INSERT INTO `messages` (`id`, `from_user_id`, `to_user_id`, `body`, `is_delivered`, `created_at`, `updated_at`) VALUES ('79', '79', '79', 'Nulla hic ut qui eveniet quasi provident. Cum rerum pariatur aut. Deleniti quia cupiditate possimus veritatis cum corporis qui.', 0, '1994-11-27 13:36:17', '2008-03-30 06:15:38');
INSERT INTO `messages` (`id`, `from_user_id`, `to_user_id`, `body`, `is_delivered`, `created_at`, `updated_at`) VALUES ('80', '80', '80', 'Eaque laudantium nemo repellat omnis qui facere et. Ea et in quas dignissimos quae aut repellendus. Quaerat dolores sed et neque alias ipsam. Enim dolorum modi voluptatum iste sapiente.', 0, '1991-04-20 04:47:09', '1975-10-17 15:57:03');
INSERT INTO `messages` (`id`, `from_user_id`, `to_user_id`, `body`, `is_delivered`, `created_at`, `updated_at`) VALUES ('81', '81', '81', 'Sunt nihil assumenda nostrum inventore. Reiciendis deserunt minima minus rerum. Quidem vero eum qui atque sed.', 0, '1999-10-10 19:15:36', '2018-01-09 00:23:47');
INSERT INTO `messages` (`id`, `from_user_id`, `to_user_id`, `body`, `is_delivered`, `created_at`, `updated_at`) VALUES ('82', '82', '82', 'Officiis quia ea qui eveniet. Ex deleniti laudantium quaerat aperiam odio et. Laborum sunt molestiae sunt.', 1, '1994-12-26 01:55:19', '2001-04-14 16:35:22');
INSERT INTO `messages` (`id`, `from_user_id`, `to_user_id`, `body`, `is_delivered`, `created_at`, `updated_at`) VALUES ('83', '83', '83', 'Voluptatibus dolor nam dignissimos quaerat quia dolores voluptate. Eaque sed qui architecto sapiente saepe officia dolorum. Animi commodi in saepe et nihil omnis veritatis. Explicabo ab ut consequuntur officiis vel illum pariatur.', 0, '1980-04-04 10:47:57', '1980-04-02 02:35:36');
INSERT INTO `messages` (`id`, `from_user_id`, `to_user_id`, `body`, `is_delivered`, `created_at`, `updated_at`) VALUES ('84', '84', '84', 'Aut consectetur est provident aspernatur. Cum omnis quia illum aut ullam animi. Soluta quas id aut sequi sequi.', 0, '1976-02-13 16:13:07', '1981-01-31 21:13:37');
INSERT INTO `messages` (`id`, `from_user_id`, `to_user_id`, `body`, `is_delivered`, `created_at`, `updated_at`) VALUES ('85', '85', '85', 'Eaque recusandae id nemo accusamus. Atque aspernatur ipsum tempora velit. Corrupti laudantium sit sunt a et. Ut corrupti sed fugit.', 0, '2014-10-20 10:48:31', '2010-10-01 16:23:24');
INSERT INTO `messages` (`id`, `from_user_id`, `to_user_id`, `body`, `is_delivered`, `created_at`, `updated_at`) VALUES ('86', '86', '86', 'Laudantium laborum sequi quas consequatur et. Facilis voluptas quia minima. Suscipit nam quia ea sed ea officiis optio commodi. Et maiores dolore repellendus voluptas.', 0, '1988-01-20 08:25:50', '1996-06-17 10:13:05');
INSERT INTO `messages` (`id`, `from_user_id`, `to_user_id`, `body`, `is_delivered`, `created_at`, `updated_at`) VALUES ('87', '87', '87', 'Repudiandae consequatur ea occaecati. Quisquam rerum officiis neque suscipit perferendis. Vitae voluptatem totam numquam beatae doloribus velit.', 1, '2018-09-14 13:46:49', '1974-05-15 15:13:11');
INSERT INTO `messages` (`id`, `from_user_id`, `to_user_id`, `body`, `is_delivered`, `created_at`, `updated_at`) VALUES ('88', '88', '88', 'Est odit eveniet dolorem ipsam aut accusamus deleniti. Perspiciatis sit ut velit molestiae in ullam. Eos amet inventore sequi ipsum et voluptatem soluta.', 1, '2009-10-30 00:52:04', '1990-10-23 08:32:15');
INSERT INTO `messages` (`id`, `from_user_id`, `to_user_id`, `body`, `is_delivered`, `created_at`, `updated_at`) VALUES ('89', '89', '89', 'Iste quam illo rerum sequi. Fugit inventore ea harum voluptas. Quibusdam aut possimus blanditiis odio et. Laudantium repellendus dolore dolor et.', 0, '1989-11-14 09:32:02', '1986-06-26 23:22:15');
INSERT INTO `messages` (`id`, `from_user_id`, `to_user_id`, `body`, `is_delivered`, `created_at`, `updated_at`) VALUES ('90', '90', '90', 'Et est ratione nam sint rem distinctio. Cupiditate harum voluptas rerum alias omnis qui. Necessitatibus quos qui nihil inventore nihil.', 0, '1991-05-31 02:15:32', '2006-10-04 09:09:49');
INSERT INTO `messages` (`id`, `from_user_id`, `to_user_id`, `body`, `is_delivered`, `created_at`, `updated_at`) VALUES ('91', '91', '91', 'Blanditiis eos sit ut esse magnam sit. Maiores iste iure enim minima tenetur. Odit quaerat sequi nihil.', 0, '1981-08-01 09:55:48', '1992-01-08 22:31:41');
INSERT INTO `messages` (`id`, `from_user_id`, `to_user_id`, `body`, `is_delivered`, `created_at`, `updated_at`) VALUES ('92', '92', '92', 'Quae quod tenetur accusantium quos incidunt quidem dolores. Eligendi laboriosam quo earum rem a. Fugiat mollitia aliquid dignissimos molestiae et fugiat beatae.', 1, '2013-02-03 09:27:15', '1977-10-28 20:21:41');
INSERT INTO `messages` (`id`, `from_user_id`, `to_user_id`, `body`, `is_delivered`, `created_at`, `updated_at`) VALUES ('93', '93', '93', 'Qui temporibus ad voluptas dolore consequuntur tenetur. Vel recusandae ut animi maxime. Blanditiis doloremque facere dolores. Quos pariatur ipsa fugiat commodi aut sit recusandae. Sit asperiores ut tempora quam.', 1, '2012-05-17 15:59:07', '1993-10-23 12:48:55');
INSERT INTO `messages` (`id`, `from_user_id`, `to_user_id`, `body`, `is_delivered`, `created_at`, `updated_at`) VALUES ('94', '94', '94', 'Sint aut illum in cum voluptas porro harum. Temporibus qui facere quo velit eum ut veniam velit. Debitis distinctio quia qui non aspernatur at consectetur.', 1, '2019-06-04 07:57:24', '2019-02-10 20:41:16');
INSERT INTO `messages` (`id`, `from_user_id`, `to_user_id`, `body`, `is_delivered`, `created_at`, `updated_at`) VALUES ('95', '95', '95', 'Minima est voluptatum aut harum asperiores est molestias praesentium. Consectetur reiciendis nostrum qui quia veritatis. Ut reprehenderit et nostrum optio necessitatibus ut corrupti.', 1, '1980-12-14 16:42:16', '2021-04-12 18:32:15');
INSERT INTO `messages` (`id`, `from_user_id`, `to_user_id`, `body`, `is_delivered`, `created_at`, `updated_at`) VALUES ('96', '96', '96', 'Quasi eos qui iure adipisci rerum quia. Eos consequatur odio id dolore et vero. Et dicta voluptatibus corporis. Pariatur quis laborum vel omnis sapiente ratione.', 0, '2008-10-07 15:42:25', '1979-09-01 21:52:19');
INSERT INTO `messages` (`id`, `from_user_id`, `to_user_id`, `body`, `is_delivered`, `created_at`, `updated_at`) VALUES ('97', '97', '97', 'Placeat maiores dolorem consequatur quia officia ea molestiae. Ea cumque sed facilis aut ut. Ipsa sint cumque placeat repellendus debitis et est.', 0, '1984-08-22 03:51:53', '2016-10-30 19:46:16');
INSERT INTO `messages` (`id`, `from_user_id`, `to_user_id`, `body`, `is_delivered`, `created_at`, `updated_at`) VALUES ('98', '98', '98', 'Corporis ducimus vel adipisci optio dolorum eum. Et est qui laborum aliquam rerum similique excepturi.', 1, '2002-08-18 02:56:10', '1971-03-10 14:32:07');
INSERT INTO `messages` (`id`, `from_user_id`, `to_user_id`, `body`, `is_delivered`, `created_at`, `updated_at`) VALUES ('99', '99', '99', 'Rem temporibus autem vel enim ut veniam quos. Optio consequuntur sed vitae accusantium dicta est quis. Dolor et laboriosam unde non sint voluptatibus aut.', 1, '1992-11-20 16:25:51', '2008-04-08 20:27:45');
INSERT INTO `messages` (`id`, `from_user_id`, `to_user_id`, `body`, `is_delivered`, `created_at`, `updated_at`) VALUES ('100', '100', '100', 'Eius dicta explicabo voluptatem sed. Maxime quisquam voluptatem est fugiat quisquam ipsam qui aut. Quia voluptate quaerat explicabo omnis facere. Laborum quo repellendus libero eveniet.', 1, '1985-10-30 19:54:44', '2007-02-15 09:57:56');

insert into friend_request (initiator_user_id, target_user_id, accepted, requested_at, updated_at) values ('38', '71', false, '2019-08-06', '2021-01-16');
insert into friend_request (initiator_user_id, target_user_id, accepted, requested_at, updated_at) values (91, 45, true, '2020-03-04', '2021-03-25');
insert into friend_request (initiator_user_id, target_user_id, accepted, requested_at, updated_at) values (45, 96, false, '2020-03-06', '2021-01-05');
insert into friend_request (initiator_user_id, target_user_id, accepted, requested_at, updated_at) values (99, 24, true, '2020-05-23', '2020-07-23');
insert into friend_request (initiator_user_id, target_user_id, accepted, requested_at, updated_at) values (14, 79, true, '2020-06-22', '2020-08-12');
insert into friend_request (initiator_user_id, target_user_id, accepted, requested_at, updated_at) values (88, 50, true, '2020-01-15', '2021-03-01');
insert into friend_request (initiator_user_id, target_user_id, accepted, requested_at, updated_at) values (95, 77, false, '2019-11-08', '2021-01-29');
insert into friend_request (initiator_user_id, target_user_id, accepted, requested_at, updated_at) values (37, 41, true, '2021-05-25', '2020-07-20');
insert into friend_request (initiator_user_id, target_user_id, accepted, requested_at, updated_at) values (23, 56, false, '2020-04-12', '2021-03-24');
insert into friend_request (initiator_user_id, target_user_id, accepted, requested_at, updated_at) values (10, 69, false, '2021-01-17', '2020-08-11');
insert into friend_request (initiator_user_id, target_user_id, accepted, requested_at, updated_at) values (15, 96, false, '2021-06-17', '2020-12-29');
insert into friend_request (initiator_user_id, target_user_id, accepted, requested_at, updated_at) values (29, 3, false, '2019-08-07', '2020-08-07');
insert into friend_request (initiator_user_id, target_user_id, accepted, requested_at, updated_at) values (68, 10, true, '2020-08-16', '2021-01-25');
insert into friend_request (initiator_user_id, target_user_id, accepted, requested_at, updated_at) values (74, 37, true, '2020-08-06', '2021-02-13');
insert into friend_request (initiator_user_id, target_user_id, accepted, requested_at, updated_at) values (16, 1, true, '2020-08-05', '2020-10-30');
insert into friend_request (initiator_user_id, target_user_id, accepted, requested_at, updated_at) values (19, 20, false, '2020-09-29', '2020-07-27');
insert into friend_request (initiator_user_id, target_user_id, accepted, requested_at, updated_at) values (30, 52, false, '2020-03-23', '2021-01-08');
insert into friend_request (initiator_user_id, target_user_id, accepted, requested_at, updated_at) values (4, 29, true, '2019-07-04', '2020-08-24');
insert into friend_request (initiator_user_id, target_user_id, accepted, requested_at, updated_at) values (87, 8, false, '2021-01-21', '2020-07-29');
insert into friend_request (initiator_user_id, target_user_id, accepted, requested_at, updated_at) values (54, 23, true, '2020-04-15', '2021-05-01');
insert into friend_request (initiator_user_id, target_user_id, accepted, requested_at, updated_at) values (29, 97, true, '2020-12-14', '2020-09-07');
insert into friend_request (initiator_user_id, target_user_id, accepted, requested_at, updated_at) values (78, 87, true, '2020-02-17', '2020-09-01');
insert into friend_request (initiator_user_id, target_user_id, accepted, requested_at, updated_at) values (18, 7, true, '2019-07-12', '2021-05-13');
insert into friend_request (initiator_user_id, target_user_id, accepted, requested_at, updated_at) values (60, 26, true, '2020-01-31', '2021-06-17');
insert into friend_request (initiator_user_id, target_user_id, accepted, requested_at, updated_at) values (16, 94, false, '2020-10-26', '2020-11-07');
insert into friend_request (initiator_user_id, target_user_id, accepted, requested_at, updated_at) values (52, 48, false, '2020-01-22', '2020-11-03');
insert into friend_request (initiator_user_id, target_user_id, accepted, requested_at, updated_at) values (17, 63, false, '2019-04-13', '2021-05-02');
insert into friend_request (initiator_user_id, target_user_id, accepted, requested_at, updated_at) values (71, 36, true, '2019-07-25', '2020-08-18');
insert into friend_request (initiator_user_id, target_user_id, accepted, requested_at, updated_at) values (41, 66, true, '2020-06-11', '2020-11-04');
insert into friend_request (initiator_user_id, target_user_id, accepted, requested_at, updated_at) values (38, 15, true, '2020-09-05', '2020-11-30');
insert into friend_request (initiator_user_id, target_user_id, accepted, requested_at, updated_at) values (78, 44, false, '2020-08-15', '2021-02-28');
insert into friend_request (initiator_user_id, target_user_id, accepted, requested_at, updated_at) values (26, 20, false, '2019-05-12', '2020-07-22');
insert into friend_request (initiator_user_id, target_user_id, accepted, requested_at, updated_at) values (47, 100, true, '2020-08-12', '2021-03-06');
insert into friend_request (initiator_user_id, target_user_id, accepted, requested_at, updated_at) values (30, 96, true, '2019-07-03', '2021-05-21');
insert into friend_request (initiator_user_id, target_user_id, accepted, requested_at, updated_at) values (84, 35, false, '2020-07-26', '2021-03-03');
insert into friend_request (initiator_user_id, target_user_id, accepted, requested_at, updated_at) values (25, 87, false, '2019-11-08', '2021-01-16');
insert into friend_request (initiator_user_id, target_user_id, accepted, requested_at, updated_at) values (45, 5, false, '2019-12-25', '2020-09-10');
insert into friend_request (initiator_user_id, target_user_id, accepted, requested_at, updated_at) values (71, 40, false, '2021-01-14', '2020-11-04');
insert into friend_request (initiator_user_id, target_user_id, accepted, requested_at, updated_at) values (48, 78, true, '2019-06-12', '2020-08-07');
insert into friend_request (initiator_user_id, target_user_id, accepted, requested_at, updated_at) values (59, 54, true, '2020-05-31', '2021-01-07');
insert into friend_request (initiator_user_id, target_user_id, accepted, requested_at, updated_at) values (64, 43, false, '2019-03-10', '2021-04-24');
insert into friend_request (initiator_user_id, target_user_id, accepted, requested_at, updated_at) values (2, 24, true, '2021-04-04', '2020-10-21');
insert into friend_request (initiator_user_id, target_user_id, accepted, requested_at, updated_at) values (43, 57, true, '2019-07-16', '2021-05-14');
insert into friend_request (initiator_user_id, target_user_id, accepted, requested_at, updated_at) values (3, 91, true, '2019-04-20', '2020-11-27');
insert into friend_request (initiator_user_id, target_user_id, accepted, requested_at, updated_at) values (70, 41, true, '2021-02-06', '2021-04-30');
insert into friend_request (initiator_user_id, target_user_id, accepted, requested_at, updated_at) values (69, 94, false, '2021-01-30', '2021-06-14');
insert into friend_request (initiator_user_id, target_user_id, accepted, requested_at, updated_at) values (23, 34, false, '2020-09-30', '2021-04-05');
insert into friend_request (initiator_user_id, target_user_id, accepted, requested_at, updated_at) values (57, 24, false, '2020-02-27', '2020-09-20');
insert into friend_request (initiator_user_id, target_user_id, accepted, requested_at, updated_at) values (80, 49, true, '2020-07-11', '2021-06-21');
insert into friend_request (initiator_user_id, target_user_id, accepted, requested_at, updated_at) values (71, 89, true, '2020-07-28', '2021-03-17');
insert into friend_request (initiator_user_id, target_user_id, accepted, requested_at, updated_at) values (81, 76, false, '2021-01-30', '2020-11-08');
insert into friend_request (initiator_user_id, target_user_id, accepted, requested_at, updated_at) values (33, 59, true, '2020-01-09', '2020-07-31');
insert into friend_request (initiator_user_id, target_user_id, accepted, requested_at, updated_at) values (39, 47, false, '2021-04-11', '2021-02-15');
insert into friend_request (initiator_user_id, target_user_id, accepted, requested_at, updated_at) values (12, 38, false, '2020-09-20', '2021-05-16');
insert into friend_request (initiator_user_id, target_user_id, accepted, requested_at, updated_at) values (55, 61, true, '2020-05-19', '2020-11-02');
insert into friend_request (initiator_user_id, target_user_id, accepted, requested_at, updated_at) values (53, 46, false, '2020-09-16', '2020-11-06');
insert into friend_request (initiator_user_id, target_user_id, accepted, requested_at, updated_at) values (95, 32, true, '2020-08-03', '2020-10-26');
insert into friend_request (initiator_user_id, target_user_id, accepted, requested_at, updated_at) values (28, 23, false, '2021-05-06', '2021-04-03');
insert into friend_request (initiator_user_id, target_user_id, accepted, requested_at, updated_at) values (19, 93, false, '2020-07-17', '2020-10-21');
insert into friend_request (initiator_user_id, target_user_id, accepted, requested_at, updated_at) values (63, 59, false, '2019-10-30', '2021-06-02');
insert into friend_request (initiator_user_id, target_user_id, accepted, requested_at, updated_at) values (83, 24, false, '2019-08-27', '2021-03-08');
insert into friend_request (initiator_user_id, target_user_id, accepted, requested_at, updated_at) values (24, 85, false, '2021-05-20', '2021-06-22');
insert into friend_request (initiator_user_id, target_user_id, accepted, requested_at, updated_at) values (42, 40, true, '2020-02-28', '2020-10-02');
insert into friend_request (initiator_user_id, target_user_id, accepted, requested_at, updated_at) values (29, 33, false, '2019-10-04', '2020-09-22');
insert into friend_request (initiator_user_id, target_user_id, accepted, requested_at, updated_at) values (58, 87, false, '2021-02-13', '2021-03-28');
insert into friend_request (initiator_user_id, target_user_id, accepted, requested_at, updated_at) values (12, 76, false, '2019-04-29', '2020-12-24');
insert into friend_request (initiator_user_id, target_user_id, accepted, requested_at, updated_at) values (36, 2, true, '2020-08-02', '2021-02-07');
insert into friend_request (initiator_user_id, target_user_id, accepted, requested_at, updated_at) values (79, 41, true, '2019-10-02', '2021-04-14');
insert into friend_request (initiator_user_id, target_user_id, accepted, requested_at, updated_at) values (21, 72, true, '2019-04-10', '2021-04-29');
insert into friend_request (initiator_user_id, target_user_id, accepted, requested_at, updated_at) values (8, 13, true, '2020-02-02', '2020-12-30');
insert into friend_request (initiator_user_id, target_user_id, accepted, requested_at, updated_at) values (86, 47, true, '2021-01-07', '2021-05-29');
insert into friend_request (initiator_user_id, target_user_id, accepted, requested_at, updated_at) values (17, 76, false, '2021-04-29', '2020-09-16');
insert into friend_request (initiator_user_id, target_user_id, accepted, requested_at, updated_at) values (13, 44, false, '2019-11-09', '2021-01-22');
insert into friend_request (initiator_user_id, target_user_id, accepted, requested_at, updated_at) values (33, 8, true, '2021-01-28', '2020-12-26');
insert into friend_request (initiator_user_id, target_user_id, accepted, requested_at, updated_at) values (23, 55, true, '2019-09-03', '2020-11-07');
insert into friend_request (initiator_user_id, target_user_id, accepted, requested_at, updated_at) values (63, 77, false, '2021-02-12', '2021-07-12');
insert into friend_request (initiator_user_id, target_user_id, accepted, requested_at, updated_at) values (29, 31, false, '2020-10-28', '2021-06-28');
insert into friend_request (initiator_user_id, target_user_id, accepted, requested_at, updated_at) values (61, 16, true, '2019-03-17', '2021-01-21');
insert into friend_request (initiator_user_id, target_user_id, accepted, requested_at, updated_at) values (85, 92, false, '2019-09-02', '2020-07-28');
insert into friend_request (initiator_user_id, target_user_id, accepted, requested_at, updated_at) values (45, 91, true, '2020-12-13', '2021-04-02');
insert into friend_request (initiator_user_id, target_user_id, accepted, requested_at, updated_at) values (30, 75, true, '2019-12-25', '2021-04-16');
insert into friend_request (initiator_user_id, target_user_id, accepted, requested_at, updated_at) values (38, 61, false, '2020-03-29', '2021-03-28');
insert into friend_request (initiator_user_id, target_user_id, accepted, requested_at, updated_at) values (46, 70, false, '2021-03-30', '2021-06-17');
insert into friend_request (initiator_user_id, target_user_id, accepted, requested_at, updated_at) values (74, 49, true, '2020-07-15', '2020-08-13');
insert into friend_request (initiator_user_id, target_user_id, accepted, requested_at, updated_at) values (19, 11, true, '2019-09-24', '2021-01-12');
insert into friend_request (initiator_user_id, target_user_id, accepted, requested_at, updated_at) values (30, 19, true, '2020-04-10', '2020-09-14');
insert into friend_request (initiator_user_id, target_user_id, accepted, requested_at, updated_at) values (93, 97, false, '2019-11-14', '2021-03-13');
insert into friend_request (initiator_user_id, target_user_id, accepted, requested_at, updated_at) values (33, 67, true, '2020-12-27', '2021-02-01');
insert into friend_request (initiator_user_id, target_user_id, accepted, requested_at, updated_at) values (95, 67, false, '2020-05-14', '2020-10-11');
insert into friend_request (initiator_user_id, target_user_id, accepted, requested_at, updated_at) values (26, 10, false, '2019-06-01', '2021-03-08');
insert into friend_request (initiator_user_id, target_user_id, accepted, requested_at, updated_at) values (73, 56, false, '2019-07-29', '2020-10-26');
insert into friend_request (initiator_user_id, target_user_id, accepted, requested_at, updated_at) values (16, 91, false, '2019-03-29', '2021-02-27');
insert into friend_request (initiator_user_id, target_user_id, accepted, requested_at, updated_at) values (11, 93, false, '2021-02-15', '2020-10-28');
insert into friend_request (initiator_user_id, target_user_id, accepted, requested_at, updated_at) values (49, 89, true, '2020-09-10', '2021-04-02');
insert into friend_request (initiator_user_id, target_user_id, accepted, requested_at, updated_at) values (47, 50, false, '2021-04-06', '2020-12-30');
insert into friend_request (initiator_user_id, target_user_id, accepted, requested_at, updated_at) values (3, 85, false, '2019-06-08', '2020-12-30');
insert into friend_request (initiator_user_id, target_user_id, accepted, requested_at, updated_at) values (31, 9, false, '2020-09-20', '2021-03-21');
insert into friend_request (initiator_user_id, target_user_id, accepted, requested_at, updated_at) values (52, 91, true, '2020-03-21', '2020-08-05');
insert into friend_request (initiator_user_id, target_user_id, accepted, requested_at, updated_at) values (19, 80, false, '2021-03-10', '2021-02-26');
insert into friend_request (initiator_user_id, target_user_id, accepted, requested_at, updated_at) values (58, 57, true, '2020-12-14', '2021-06-19');
insert into friend_request (initiator_user_id, target_user_id, accepted, requested_at, updated_at) values (7, 32, true, '2019-08-09', '2020-08-27');
insert into friend_request (initiator_user_id, target_user_id, accepted, requested_at, updated_at) values (82, 2, false, '2020-12-28', '2020-12-14');
insert into friend_request (initiator_user_id, target_user_id, accepted, requested_at, updated_at) values (19, 78, true, '2020-02-02', '2021-02-18');
insert into friend_request (initiator_user_id, target_user_id, accepted, requested_at, updated_at) values (23, 71, false, '2020-12-20', '2020-10-08');
insert into friend_request (initiator_user_id, target_user_id, accepted, requested_at, updated_at) values (88, 74, true, '2020-12-21', '2020-12-08');
insert into friend_request (initiator_user_id, target_user_id, accepted, requested_at, updated_at) values (30, 83, false, '2019-03-13', '2020-11-06');
insert into friend_request (initiator_user_id, target_user_id, accepted, requested_at, updated_at) values (1, 7, true, '2020-01-13', '2020-09-21');
insert into friend_request (initiator_user_id, target_user_id, accepted, requested_at, updated_at) values (72, 55, true, '2021-03-21', '2021-01-01');
insert into friend_request (initiator_user_id, target_user_id, accepted, requested_at, updated_at) values (38, 20, false, '2020-01-26', '2020-08-05');
insert into friend_request (initiator_user_id, target_user_id, accepted, requested_at, updated_at) values (93, 73, false, '2019-10-15', '2021-04-29');
insert into friend_request (initiator_user_id, target_user_id, accepted, requested_at, updated_at) values (76, 79, false, '2020-02-08', '2020-09-10');
insert into friend_request (initiator_user_id, target_user_id, accepted, requested_at, updated_at) values (44, 31, true, '2019-09-20', '2020-08-19');
insert into friend_request (initiator_user_id, target_user_id, accepted, requested_at, updated_at) values (1, 86, true, '2019-04-08', '2020-10-26');
insert into friend_request (initiator_user_id, target_user_id, accepted, requested_at, updated_at) values (99, 2, false, '2019-07-01', '2021-06-09');
insert into friend_request (initiator_user_id, target_user_id, accepted, requested_at, updated_at) values (24, 55, true, '2020-07-21', '2021-03-17');
insert into friend_request (initiator_user_id, target_user_id, accepted, requested_at, updated_at) values (57, 55, false, '2019-09-24', '2020-11-09');
insert into friend_request (initiator_user_id, target_user_id, accepted, requested_at, updated_at) values (55, 57, true, '2021-01-31', '2020-12-31');
insert into friend_request (initiator_user_id, target_user_id, accepted, requested_at, updated_at) values (35, 19, false, '2020-04-15', '2020-10-13');
insert into friend_request (initiator_user_id, target_user_id, accepted, requested_at, updated_at) values (85, 10, true, '2020-08-02', '2020-10-09');
insert into friend_request (initiator_user_id, target_user_id, accepted, requested_at, updated_at) values (58, 9, true, '2019-04-05', '2020-12-20');
insert into friend_request (initiator_user_id, target_user_id, accepted, requested_at, updated_at) values (17, 14, false, '2020-06-08', '2020-08-28');
insert into friend_request (initiator_user_id, target_user_id, accepted, requested_at, updated_at) values (94, 57, true, '2019-08-14', '2021-01-26');
insert into friend_request (initiator_user_id, target_user_id, accepted, requested_at, updated_at) values (28, 5, false, '2020-01-18', '2021-01-04');
insert into friend_request (initiator_user_id, target_user_id, accepted, requested_at, updated_at) values (50, 85, true, '2019-11-29', '2020-10-02');
insert into friend_request (initiator_user_id, target_user_id, accepted, requested_at, updated_at) values (3, 1, true, '2019-12-26', '2020-12-06');
insert into friend_request (initiator_user_id, target_user_id, accepted, requested_at, updated_at) values (60, 89, false, '2019-11-07', '2021-03-27');
insert into friend_request (initiator_user_id, target_user_id, accepted, requested_at, updated_at) values (6, 82, true, '2019-07-17', '2021-04-22');
insert into friend_request (initiator_user_id, target_user_id, accepted, requested_at, updated_at) values (77, 79, true, '2021-04-08', '2020-08-13');
insert into friend_request (initiator_user_id, target_user_id, accepted, requested_at, updated_at) values (94, 13, false, '2019-09-24', '2021-05-20');
insert into friend_request (initiator_user_id, target_user_id, accepted, requested_at, updated_at) values (80, 59, true, '2020-08-04', '2020-10-15');
insert into friend_request (initiator_user_id, target_user_id, accepted, requested_at, updated_at) values (55, 29, false, '2021-04-16', '2021-01-29');
insert into friend_request (initiator_user_id, target_user_id, accepted, requested_at, updated_at) values (22, 75, true, '2019-08-07', '2020-07-20');
insert into friend_request (initiator_user_id, target_user_id, accepted, requested_at, updated_at) values (42, 38, true, '2021-05-14', '2021-02-04');
insert into friend_request (initiator_user_id, target_user_id, accepted, requested_at, updated_at) values (98, 86, false, '2020-11-30', '2021-03-16');
insert into friend_request (initiator_user_id, target_user_id, accepted, requested_at, updated_at) values (73, 39, true, '2021-05-10', '2020-10-20');
insert into friend_request (initiator_user_id, target_user_id, accepted, requested_at, updated_at) values (2, 20, false, '2020-12-04', '2020-07-27');
insert into friend_request (initiator_user_id, target_user_id, accepted, requested_at, updated_at) values (46, 96, false, '2020-01-14', '2020-08-24');
insert into friend_request (initiator_user_id, target_user_id, accepted, requested_at, updated_at) values (79, 61, true, '2020-12-02', '2020-09-05');
insert into friend_request (initiator_user_id, target_user_id, accepted, requested_at, updated_at) values (2, 23, false, '2019-09-28', '2021-04-17');
insert into friend_request (initiator_user_id, target_user_id, accepted, requested_at, updated_at) values (92, 47, true, '2021-07-10', '2021-04-22');
insert into friend_request (initiator_user_id, target_user_id, accepted, requested_at, updated_at) values (19, 12, true, '2021-01-04', '2020-07-31');
insert into friend_request (initiator_user_id, target_user_id, accepted, requested_at, updated_at) values (87, 41, false, '2021-02-01', '2021-05-20');
insert into friend_request (initiator_user_id, target_user_id, accepted, requested_at, updated_at) values (37, 28, true, '2021-01-31', '2021-06-13');
insert into friend_request (initiator_user_id, target_user_id, accepted, requested_at, updated_at) values (51, 33, false, '2020-09-07', '2020-07-13');
insert into friend_request (initiator_user_id, target_user_id, accepted, requested_at, updated_at) values (59, 62, true, '2021-06-27', '2020-07-29');
insert into friend_request (initiator_user_id, target_user_id, accepted, requested_at, updated_at) values (30, 51, true, '2019-05-13', '2020-11-06');
insert into friend_request (initiator_user_id, target_user_id, accepted, requested_at, updated_at) values (59, 95, true, '2019-07-24', '2020-09-16');
insert into friend_request (initiator_user_id, target_user_id, accepted, requested_at, updated_at) values (5, 25, true, '2021-03-28', '2021-06-30');
insert into friend_request (initiator_user_id, target_user_id, accepted, requested_at, updated_at) values (69, 66, true, '2019-06-01', '2020-10-30');
insert into friend_request (initiator_user_id, target_user_id, accepted, requested_at, updated_at) values (53, 64, true, '2019-04-06', '2021-01-07');
insert into friend_request (initiator_user_id, target_user_id, accepted, requested_at, updated_at) values (45, 4, false, '2019-10-28', '2021-07-04');
insert into friend_request (initiator_user_id, target_user_id, accepted, requested_at, updated_at) values (94, 17, false, '2019-03-29', '2021-05-23');
insert into friend_request (initiator_user_id, target_user_id, accepted, requested_at, updated_at) values (11, 70, true, '2019-05-21', '2021-01-31');
insert into friend_request (initiator_user_id, target_user_id, accepted, requested_at, updated_at) values (55, 10, false, '2019-12-17', '2020-12-04');
insert into friend_request (initiator_user_id, target_user_id, accepted, requested_at, updated_at) values (58, 36, false, '2020-07-27', '2020-11-13');
insert into friend_request (initiator_user_id, target_user_id, accepted, requested_at, updated_at) values (17, 18, false, '2020-10-13', '2021-01-15');
insert into friend_request (initiator_user_id, target_user_id, accepted, requested_at, updated_at) values (29, 38, false, '2019-10-11', '2021-01-12');
insert into friend_request (initiator_user_id, target_user_id, accepted, requested_at, updated_at) values (78, 61, true, '2019-06-27', '2021-06-13');
insert into friend_request (initiator_user_id, target_user_id, accepted, requested_at, updated_at) values (55, 24, false, '2021-04-20', '2021-05-07');
insert into friend_request (initiator_user_id, target_user_id, accepted, requested_at, updated_at) values (22, 65, true, '2020-02-07', '2020-09-20');
insert into friend_request (initiator_user_id, target_user_id, accepted, requested_at, updated_at) values (17, 84, false, '2020-03-14', '2020-07-28');
insert into friend_request (initiator_user_id, target_user_id, accepted, requested_at, updated_at) values (54, 48, false, '2020-09-30', '2021-01-12');
insert into friend_request (initiator_user_id, target_user_id, accepted, requested_at, updated_at) values (95, 16, true, '2021-03-28', '2021-03-31');
insert into friend_request (initiator_user_id, target_user_id, accepted, requested_at, updated_at) values (100, 53, true, '2021-03-05', '2021-06-01');
insert into friend_request (initiator_user_id, target_user_id, accepted, requested_at, updated_at) values (81, 44, true, '2020-10-14', '2021-05-14');
insert into friend_request (initiator_user_id, target_user_id, accepted, requested_at, updated_at) values (50, 74, false, '2020-02-10', '2020-11-12');
insert into friend_request (initiator_user_id, target_user_id, accepted, requested_at, updated_at) values (11, 67, true, '2020-12-06', '2020-11-21');
insert into friend_request (initiator_user_id, target_user_id, accepted, requested_at, updated_at) values (34, 46, true, '2020-02-15', '2021-02-12');
insert into friend_request (initiator_user_id, target_user_id, accepted, requested_at, updated_at) values (66, 18, true, '2019-04-23', '2021-05-30');
insert into friend_request (initiator_user_id, target_user_id, accepted, requested_at, updated_at) values (41, 100, true, '2021-04-19', '2021-02-03');
insert into friend_request (initiator_user_id, target_user_id, accepted, requested_at, updated_at) values (45, 56, false, '2020-04-04', '2021-04-04');
insert into friend_request (initiator_user_id, target_user_id, accepted, requested_at, updated_at) values (62, 100, false, '2019-04-24', '2020-11-08');
insert into friend_request (initiator_user_id, target_user_id, accepted, requested_at, updated_at) values (5, 68, false, '2020-05-23', '2020-08-12');
insert into friend_request (initiator_user_id, target_user_id, accepted, requested_at, updated_at) values (57, 6, false, '2019-11-10', '2020-08-20');
insert into friend_request (initiator_user_id, target_user_id, accepted, requested_at, updated_at) values (100, 89, false, '2019-12-31', '2020-07-13');
insert into friend_request (initiator_user_id, target_user_id, accepted, requested_at, updated_at) values (83, 29, false, '2020-05-21', '2020-09-23');
insert into friend_request (initiator_user_id, target_user_id, accepted, requested_at, updated_at) values (18, 35, true, '2021-05-31', '2021-07-05');
insert into friend_request (initiator_user_id, target_user_id, accepted, requested_at, updated_at) values (10, 61, true, '2020-11-23', '2021-02-12');
insert into friend_request (initiator_user_id, target_user_id, accepted, requested_at, updated_at) values (74, 89, false, '2020-09-29', '2020-12-24');
insert into friend_request (initiator_user_id, target_user_id, accepted, requested_at, updated_at) values (87, 43, true, '2020-01-23', '2021-04-15');
insert into friend_request (initiator_user_id, target_user_id, accepted, requested_at, updated_at) values (71, 11, true, '2021-02-14', '2021-02-12');
insert into friend_request (initiator_user_id, target_user_id, accepted, requested_at, updated_at) values (71, 2, true, '2021-07-03', '2021-06-26');
insert into friend_request (initiator_user_id, target_user_id, accepted, requested_at, updated_at) values (85, 55, false, '2020-05-15', '2020-08-09');
insert into friend_request (initiator_user_id, target_user_id, accepted, requested_at, updated_at) values (19, 16, true, '2019-10-26', '2020-09-29');
insert into friend_request (initiator_user_id, target_user_id, accepted, requested_at, updated_at) values (20, 91, true, '2020-09-19', '2021-04-21');
insert into friend_request (initiator_user_id, target_user_id, accepted, requested_at, updated_at) values (57, 77, false, '2019-07-02', '2021-05-12');
insert into friend_request (initiator_user_id, target_user_id, accepted, requested_at, updated_at) values (5, 83, true, '2019-06-27', '2021-05-11');
insert into friend_request (initiator_user_id, target_user_id, accepted, requested_at, updated_at) values (48, 20, true, '2021-03-14', '2020-12-10');
insert into friend_request (initiator_user_id, target_user_id, accepted, requested_at, updated_at) values (69, 65, true, '2020-08-17', '2020-09-13');
insert into friend_request (initiator_user_id, target_user_id, accepted, requested_at, updated_at) values (82, 54, false, '2020-05-07', '2021-04-29');
insert into friend_request (initiator_user_id, target_user_id, accepted, requested_at, updated_at) values (72, 79, true, '2021-03-05', '2020-07-20');
insert into friend_request (initiator_user_id, target_user_id, accepted, requested_at, updated_at) values (41, 30, true, '2019-09-11', '2020-08-07');
insert into friend_request (initiator_user_id, target_user_id, accepted, requested_at, updated_at) values (33, 57, false, '2020-10-30', '2020-07-30');
insert into friend_request (initiator_user_id, target_user_id, accepted, requested_at, updated_at) values (21, 6, true, '2020-04-14', '2020-12-24');
insert into friend_request (initiator_user_id, target_user_id, accepted, requested_at, updated_at) values (36, 73, false, '2019-12-26', '2020-07-27');
insert into friend_request (initiator_user_id, target_user_id, accepted, requested_at, updated_at) values (23, 73, false, '2020-04-18', '2020-11-18');
insert into friend_request (initiator_user_id, target_user_id, accepted, requested_at, updated_at) values (97, 25, true, '2020-02-20', '2020-10-19');
insert into friend_request (initiator_user_id, target_user_id, accepted, requested_at, updated_at) values (42, 59, false, '2021-03-18', '2021-03-06');
insert into friend_request (initiator_user_id, target_user_id, accepted, requested_at, updated_at) values (36, 20, true, '2020-11-14', '2021-05-14');
insert into friend_request (initiator_user_id, target_user_id, accepted, requested_at, updated_at) values (11, 27, false, '2020-06-30', '2021-03-11');
